compilation	qc_sheet_id	last_update_id	age_or_year	lipd_dir
HoloceneHydroclimate	1rhYoL0B5OfE5A-rNwuQZfnmjI3Vj3NCX07r-Mif3Ncs	1gny_fbwLZRchkPZyh_GPUoCtXDvMHWDpozGXg2u07hA	age	database
hydroclimate2k	1Bp8xw2NgMzvFBWtmVjC2y1Zf7RHXLRMQSQEzX3z5YI8	1xn76PBL4sdxiDO8KdTnSrjJac8mUFIkk3kssJpcIHx4	year	database
FreeSoda	1pxQs_zTbNwZ50Wu0axlEZW0TzNcnOPcnDcV6JIIT3mc	13Ed1xLqQSbcGOkLqYOdIQOtxuJsuGQtAcDPVlG96dYs	age	database
SISAL-LiPD	1clmzdTKcfOByGKF5lQVpmu4PQfIlqrpwIGVWhiWE2uk	1QB4eSFhAWp3F97p8Nymhf2OTUiLOulpfxkKpJUrGS0E	age	database
Hydro21k	1k3PZTGZ1n1eljVbXx9qR-PtQ-7LIdj-mi7wtEmzu2iM	1uwoNny2tsul94zyD16txceRZLsGo1LEW3-1UcUX0GdY	age	database
HoloceneAbruptChange	1u4vWrSsXv_6O16juL4WCgaJdFMxBqwerBi6BGhb3IgQ	1Nb_1lIlsAy6QH6HqGwsNNSvJDjcSqmyjWYDUmccLVt4	age	database
test	1P0_e-frsQIYFLjLBiJTfouEbdIhMW7UPfYGZBnaDep0	1RbAs0qRWqvHCUfI7q_Er5UKAxRy-otRh7pdM2PKYCHw	age	testDatabase
RapidArcticWarming	1tYuhgaDPx1HxdSneL0Nl1Aq7LIM14jzbn5Ke55ha_z0	1OEUGZrqo5Ipz8lBZy9hvxtOeOPOc38sswv3-laFBobU	age	database
CoralHydro2k	1FJAZrPlqc8rYT7cb1sMwEHnpyMSGcQ96MFGsKYJydgU	1N1F1pmepvW3r0l8Wqqm0ibp7MmNJnwAml-quPDQ1wzs	year	database
GBRCD	1TRdVzs-ZA0betJ3GauiHHiCf3liZsy-S2oBqxh8d7PE	1xIRyBKa9NTfFxkSCuedQPGKwZotHUIIV_PbVey1uLTw	year	GBRCD
Temp12k	1JEm791Nhd4fUuyqece51CSlbR2A2I-pf8B0kFgwynug	1qLRMCfDMbTyffJBWlIj3Zw4CAhJY2SECIY-ckcZ2Wak	age	database
Temp24k	17XaSH1MNCtBI6ftEnTOHgy9C6mtXvYpR7JCNUNT-vI8	1BHf1RNwjFkDCs57CxMEbbg3zWmk15Od7HL5wi3FbkK8	age	database
NAm21k	1TXbkaT2hpFQ6iKGLxB2Ae8_5GmkCvm8ALv1w0yfPaAs	1TXbkaT2hpFQ6iKGLxB2Ae8_5GmkCvm8ALv1w0yfPaAs	age	database
NAm21k-noPollen	17ugofMu-plAWHnG8Ag-xaYOqgZ6A_PwGajFmqc2_uB0	1o1PB3dPIwH1QQLahQIWAWdRN9SaB-nPyNBV91YqDInY	age	database
LakeStatus21k	1J-lsbE2f98SaMXQ0u-sOfnCS6_nNBz54kU22zYVqkqg	1ydOXLOG8S82LRhb6m0vXH7JpGpziKn_ZDwH7O_fyb-k	age	database
iso2k	1jdSQqUkR_YuJO8Hsp2x3hOhrW19a0SL6wB2mbp4DA2M	1m0-obq3etFf8fvcfN-jrxsYOHqDV7lcsMpZmidxZKis	year	database
Pages2kTemperature	1_ZvQXV-jXMLi7DSC9vc8tAXdlimfkYrna0fKbIB_5Og	11Vh1iCxt0bEq4a8jlM3uawiPX-C8un8i8GUji3S8guA	year	database
LegacyClimate-LiPD	1NkH_zydZILIt8YEUO7JYzwiEDpOBEUiFWXgy0otaNLI	1cWM9rOR83fhDEcznmZDuCnYY101_2L9v52IvmthXZzA	age	database
Nam2kDendro	1M_VjlRT7uF4XDiDyVIj5plNXKUkqoAvqfsizwS4hJhs	1QwGqri1olG18m2OYkbYGolQYu78fYzKjbC5SH3k6dfQ	year	database
PalMod	1tTpZ6lS7ML0K241lESJWLWtWF4fK6BWWylmkeYr6Xys	1_LyL5aafRsq4N7MP9XIzfTcGQMVuVMqh5RXf6n50SOA	age	database
lipdverseTest	1Wcs6aYvAiyd9XUXpsJpZoAdtQc6Rl9eQOeW_c9czEtI		year	database
