paleoData_pastName,paleoData_pastId,lipdName,synonym,paleoData_datum,Freq,definition
isothermal remanent magnetization,1085,Am2/yr,Am2/yr,,1,
atomic ratio,5701,atomic ratio,Atomic ratio,,1,
,,atoms/g,atoms/g,,,
dimensionless (CGS system),631,cgs,cgs,,5,
centimeter,122,cm,cm,,1,
centimeter,122,cm,cm,,4138,
centimeter,122,cm,cmblf,,1,
centimeter per kiloyear,2371,cm/kyr,cm/ka,,,
centimeter per kiloyear,2371,cm/kyr,cm/kyr,,2,
centimeter per year,1713,cm/yr,cm yr-1,,1,
centimeter per year,1713,cm/yr,cm/a,,3,
centimeter per year,1713,cm/yr,cm/yr,,3,
cubic centimeter,1712,cm3,cm3,,1,
count,704,count,#,,1,
count,704,count,cores,,6,
count,704,count,count,,203,
count,704,count,counts,,1,
count,704,count,cts,,3,
count,704,count,dark_sum,,1,
count,704,count,n,,,
count,704,count,no,,203,
count,704,count,number,,6,
count per century,2373,count/century,envents/100yrs,,13,
count per square centimeter,3814,count/cm2,number/cm2,,1,
count per square centimeter per year,1715,count/cm2/yr,grains>255 micron/cm2/yr,,1,
count per square centimeter per year,1715,count/cm2/yr,no/cm2/yr,,1,
count per cubic centimeter,3815,count/cm3,#/cm3,,1,
count per cubic centimeter,3815,count/cm3,bubbles/cm3,,2,
count per cubic centimeter,3815,count/cm3,n_cm3,,,
count per gram,3796,count/g,count per gram,,1,
count per gram,3796,count/g,grains/g,,1,
count per gram,3796,count/g,millions of valves/g dry sed,,1,
count per gram,3796,count/g,n_g,,,
count per gram,3796,count/g,no_g,,,
count per kiloyear,1000203,count/kyr,frequency/1000yrs,,1,
count per milliliter,3801,count/mL,count/mL,,1,
count per year,1720,count/yr,Floods per year,,1,
count per year,1720,count/yr,Floods per yr,,1,
count per year,1720,count/yr,floods/yr,,1,
count per second,1721,cps,count per second,,12,
count per second,1721,cps,cps,,24,
day,270,day,days,,1,
degree Celsius,29,degC,((( ((( null ))) deg C /// degC ))) degC /// degC,,,
degree Celsius,29,degC,((( null ))) deg C /// degC,,12,
degree Celsius,29,degC,Deg,,1,
degree Celsius,29,degC,deg C,,,
degree Celsius,29,degC,degC,,42519,
degree Celsius,29,degC,degrees,,2,
degree Celsius,29,degC,GDD,,1,
degree Celsius,29,degC,GDD5,,185,
degree Celsius,29,degC,kelvin,,1,
degree Celsius,29,degC,ºC,,2,
degree,1264,degree,decimal degrees,,18,
fraction,3820,fraction,fraction,,5,
fraction,3820,fraction,fraction 0 to 1,,1,
fraction,3820,fraction,fractional abundance,,15,
fraction,3820,fraction,relative abundance,,19,
gram,258,g,g,,15,
gram per centimeter per year,1000009,g/cm/yr,g/cm/yr,,27,
gram per square centimeter,1724,g/cm2,g cm-1,,1,
gram per square centimeter,1724,g/cm2,gcm2,,12,
gram per square centimeter per kiloyear,1725,g/cm2/kyr,g/cm2/ka,,3,
gram per square centimeter per kiloyear,1725,g/cm2/kyr,g/cm2/kyr,,4,
gram per square centimeter per kiloyear,1725,g/cm2/kyr,gram/cm2/ka,,,
gram per square centimeter per year,1726,g/cm2/yr,g.cm-2.a-1,,1,
gram per square centimeter per year,1726,g/cm2/yr,g/cm^2/y,,1,
gram per square centimeter per year,1726,g/cm2/yr,g/cm2/yr,,13,
gram per square centimeter per year,1726,g/cm2/yr,g/m^2/a,,2,
gram per square centimeter per year,1726,g/cm2/yr,gcm-2a-1,,1,
gram per square centimeter per year,1726,g/cm2/yr,gcm-2yr-1,,2,
gram per cubic centimeter,1727,g/cm3,g_cm3,,2,
gram per cubic centimeter,1727,g/cm3,g/cc,,3,
gram per cubic centimeter,1727,g/cm3,g/cm3,,64,
gram per cubic centimeter,1727,g/cm3,grams/cubic cm,,1,
gram per liter,3824,g/L,g/L,,2,
gram per square meter,4871,g/m2,g/m,,1,
gram per square meter,4871,g/m2,g/m2,,1,
gram per square meter per year,1729,g/m2/yr,g/m2/yr,,10,
gram per square meter per year,1729,g/m2/yr,gm2yr-1,,1,
grayscale,548,grayscale,grayscale,,4,
kilogram per square meter per year,3832,kg/m2/yr,kg/m2/yr,,7,
kilogram per square meter,4874,kg/m3,kg/m3,,1,
square kilometer,3804,km2,km2,,1,
cubic kilometer,3835,km3,km3,,1,
lightness,2194,lightness,L*,,,
lightness,2194,lightness,lightness,,,
lightness,2194,lightness,reflectance,,,
liter,4478,liter,L,,,
,,ln(cps),ln(cps),,,
,,ln(ratio),ln(cps/cps),,,
,,log(mg/L),log mg/L,,1,
millimole per mole,1745,log(mmol/mol),log(mmol/mol),,,
,,log(ratio),log(cps/cps),,,
meter,124,m,m,,609,
meter,124,m,masl,,,
meter,124,m,mcd,,,
cubic meter per kilogram,1734,m3/kg,10^[-8] m3/kg,10^-8,,
cubic meter per kilogram,1734,m3/kg,m^3 kg^-1,,1,
cubic meter per kilogram,1734,m3/kg,m3kg-1,,1,
cubic meter per kilogram,1734,m3/kg,m3kg1,,1,
cubic meter per second,,m3/s,m3/s,,,
cubic meter per second,,m3/s,m3/s,,,
milligram,637,mg,mg,,1,
milligram per square centimeter per year,1738,mg/cm2/yr,mg/cm2/yr,,2,
milligram per gram,1739,mg/g,mg g-1,,1,
milligram per gram,1739,mg/g,mg/g,,8,
milligram per gram,1739,mg/g,mill/g,,1,
milligram per kilogram,2390,mg/kg,mg/kg,,12,
milligram per liter,3842,mg/L,mg/L,,4,
millimeter,128,mm,depth_sample,,287,
millimeter,128,mm,mm,,408,
millimeters,128,mm,mm,,1,
millimeter per day,3847,mm/day,mm/day,,3,
,,mm/season,mm/season,,7,
millimeter per year,3849,mm/yr,((( null ))) mm /// mm/a,,1,
millimeter per year,3849,mm/yr,mm/a,,25196,
millimeter per year,3849,mm/yr,mm/yr,,2,
millimole per mole,1745,mmol/mol,mmol_mol,,29,
millimole per mole,1745,mmol/mol,mmol/mol,,347,
NA,,months/year,months/year,,14,
,,needsToBeChanged,[±],,1,
,,needsToBeChanged,0.5s,,1,
,,needsToBeChanged,1 sigma,,1,
,,needsToBeChanged,10-5,,1,
,,needsToBeChanged,10^-9 Am2/yr,,1,
,,needsToBeChanged,10^[-8] m3/kg,,1,
,,needsToBeChanged,1s,,2,
,,needsToBeChanged,1sigma,,1,
,,needsToBeChanged,a°,,1,
,,needsToBeChanged,a€°,,2,
,,needsToBeChanged,AfAE’A†a€™AfA¢A¢a€sA¬A…A¡AfAE’A¢a‚¬A¡Afa€sA‚Aug/g,,1,
,,needsToBeChanged,am2kg-1,,1,
,,needsToBeChanged,area,,1,
,,needsToBeChanged,Aug/cm2/ka,,1,
,,needsToBeChanged,cm2yr-1,,2,
,,needsToBeChanged,Floods per 30 years,,2,
,,needsToBeChanged,Floods per 30 yrs (200 yr running average),,2,
,,needsToBeChanged,gomcm2yr-1,,1,
,,needsToBeChanged,HU,,2,
,,needsToBeChanged,layers/200yrs,,2,
,,needsToBeChanged,mcm,,3,
,,needsToBeChanged,mwe,,3,
,,needsToBeChanged,square mm/cubic cm,,1,
,,needsToBeChanged,sum,,1,
,,needsToBeChanged,total,,1,
,,needsToBeChanged,unknown,,8,
nanogram,954,ng,ng/sample,,1,
nanogram per gram,3900,ng/g,nanogram/gram,,,
nanogram per gram,3900,ng/g,ng_g,,,
nanogram per gram,3900,ng/g,ng/g,,4,
nanogram per gram,3900,ng/g,ng/g sed,,6,
nanomole per gram,2401,nmol/g,nmol_g,,,
nanomole per gram,2401,nmol/g,nmol/g,,,
,,octal,octal unit,,,
peak area integral,1754,peak area,pa/kcps,,9,
peak area integral,1754,peak area,peak area,,11,
percent,145,percent,((( null ))) % /// percent,,25,
percent,145,percent,%,,42,
percent,145,percent,% abs,,3,
percent,145,percent,mol%,,2,
percent,145,percent,mole per mole * 100,,1,
percent,145,percent,percent,,333,
percent,145,percent,percent WRT 1982-2000,,25,
percent,145,percent,percent WRT 1982-2000,,25,
percent,145,percent,percentByWeight,,1,
percent,145,percent,Precent,,1,
percent,145,percent,wt %,,4,
per mil,142,permil,((( null ))) per mil /// permil,,79,
per mil,142,permil,((( null ))) per mil /// unitless,,29,
per mil,142,permil,((( null ))) permil /// per mil,,1,
per mil,142,permil,((( null ))) permil /// unitless,,2,
per mil,142,permil,‰ PDB,,3,
per mil,142,permil,‰ SMOW,SMOW,1,
per mil,142,permil,+/- permil PDB,,2,
per mil,142,permil,+/- permil SMOW,,2,
per mil,142,permil,± permil,,2,
per mil,142,permil,1000*counts/counts,,1,
per mil,142,permil,d18O,,1,
per mil,142,permil,PDB,PDB,1,
per mil,142,permil,pemil,,1,
per mil,142,permil,per mil,,26,
per mil,142,permil,per mil (PDB),,17,
per mil,142,permil,per mil (VPDB),VPDB,23,
per mil,142,permil,per mil vs PDB,PDB,73,
per mil,142,permil,per mil vs VPDB,VPDB,23,
per mil,142,permil,per mil VSMOW,VSMOW,3,
per mil,142,permil,per mil VSMOW 1sig,,2,
per mil,142,permil,permil,,2803,
per mil,142,permil,permil (PBD),PDB,1,
per mil,142,permil,permil (PDB),PDB,12,
per mil,142,permil,"permil (SMOW, not PDB!)",VSMOW,1,
per mil,142,permil,permil (SMOW),SMOW,8,
per mil,142,permil,permil (VPDB),VPDB,6,
per mil,142,permil,permil (VSMOW),VSMOW,20,
per mil,142,permil,permil PDB,PDB,5,
per mil,142,permil,permil SMOW,SMOW,7,
per mil,142,permil,permil v pdb,PDB,1,
per mil,142,permil,permil VMOW,VSMOW,1,
per mil,142,permil,permil VPDB,VPDB,6,
per mil,142,permil,permil VPDB 1sig,VPDB,4,
per mil,142,permil,permil vs PDB,PDB,13,
per mil,142,permil,permil vs VPDB,VPDB,6,
per mil,142,permil,permil VSMOW,VSMOW,7,
per mil,142,permil,permil VSMOW 1sig,VSMOW,1,
per mil,142,permil,permit,,1,
per mil,142,permil,perml,,1,
acidity,773,pH,pH,,3,
,,phi,phi,,,
,,phi,phi,,,
parts per billion,144,ppb,ppb,,33,
parts per million,143,ppm,ppm,,5,
practical salinity unit,3897,practical salinity unit,psu,,14,
relative unit,4144,ratio,((( null ))) ratio /// unitless,,1,
relative unit,4144,ratio,(mg/kg)/(mg/kg),,2,
relative unit,4144,ratio,cps/cps,,2,
relative unit,4144,ratio,g/g,,3,
relative unit,4144,ratio,"grams/dry weight, sediment 130um",,2,
relative unit,4144,ratio,mm/m,,1,
relative unit,4144,ratio,mol_mol,,1,
relative unit,4144,ratio,mol/mol,,1,
relative unit,4144,ratio,R660_670,,1,
relative unit,4144,ratio,ratio,,18,
relative unit,4144,ratio,ratio cps,,2,
dimensionless (SI system),1251,SI,10^-6SI,,1,
dimensionless (SI system),1251,SI,dimensionless (SI),,1,
dimensionless (SI system),1251,SI,si,,1,
dimensionless (SI system),1251,SI,SI,,4,
dimensionless (SI system),1251,SI,SI 10^-5,,1,
microgram,251,ug,ug,,,
microgram per square centimeter per year,4400,ug/cm2/yr,ugcm-2yr-1,,1,
microgram per gram,1740,ug/g,[ug/g],,1,
microgram per gram,1740,ug/g,microg_g,,2,
microgram per gram,1740,ug/g,ug g-1 dw,,10,
microgram per gram,1740,ug/g,ug/g,,11,
microgram per gram,1740,ug/g,ug/g dry sed,,11,
microgram per gram,1740,ug/g,ug/g dry sediment,,26,
microgram per liter,,ug/L,micrograms/L,,4,
microgram per liter,,ug/L,ug/L,,4,
microgram per liter,,ug/L,ug/L,,4,
micrometer,126,um,um,,1,
micromole per mole,2407,umol/mol,umol/mol,,1,
dimensionless,622,unitless,0-10,,12,
dimensionless,622,unitless,absorbance units,,1,
dimensionless,622,unitless,dimensionless,,,
dimensionless,622,unitless,FTIRS absorbance units,,1,
dimensionless,622,unitless,index,,17,
dimensionless,622,unitless,NA,,1,
dimensionless,622,unitless,name,,1,
dimensionless,622,unitless,normalized anomaly,,12,
dimensionless,622,unitless,normalized anomaly,,12,
dimensionless,622,unitless,PC,,3,
dimensionless,622,unitless,standardized,,3,
dimensionless,622,unitless,type,,2,
dimensionless,622,unitless,UK37,,1,
dimensionless,622,unitless,unitless,,2677,
dimensionless,622,unitless,unitless (anomalies),,1,
dimensionless,622,unitless,unitless index,,694,
microsiemens per centimeter,1747,uS/cm,uS/cm,,,
year,273,year,year,,,
year,273,year,years,,,
year,273,year,years,,,
radiocarbon year before present,1288,yr 14C BP,14C yr BP,,3,
radiocarbon year before present,1288,yr 14C BP,bp14C,,2,
radiocarbon year before present,1288,yr 14C BP,C14yr BP,,1,
radiocarbon year before present,1288,yr 14C BP,radiocarbon years BP,1950,6,
radiocarbon year before present,1288,yr 14C BP,yr 14C BP,1950,182,
radiocarbon year before present,1288,yr 14C BP,yr 14C yr BP,1950,3,
year Common Era,132,yr AD,AD,,2122,
year Common Era,132,yr AD,ad/bc,,1,
year Common Era,132,yr AD,cal yr AD,,1,
year Common Era,132,yr AD,CE,,4,
year Common Era,132,yr AD,year A.D.,,1,
year Common Era,132,yr AD,year C.E.,,1,
year Common Era,132,yr AD,year ce,,4,
year Common Era,132,yr AD,year CE,,1,
year Common Era,132,yr AD,yr,,53,
year Common Era,132,yr AD,yr  AD,,1,
year Common Era,132,yr AD,yr ce,,1,
year Common Era,132,yr AD,yrad/bc,,1,
,,yr b2k,b2000,2000,3,
,,yr b2k,cal. BP2000,2000,1,
,,yr b2k,Years before 2k,2000,1,
calendar year before present,133,yr BP,age=1950-year,1950,1,
calendar year before present,133,yr BP,BP,1950,6409,
calendar year before present,133,yr BP,cal age BP,,1,
calendar year before present,133,yr BP,cal bp,,1,
calendar year before present,133,yr BP,cal year BP,,28,
calendar year before present,133,yr BP,cal year BP,,,
calendar year before present,133,yr BP,cal years BP,1950,513,
calendar year before present,133,yr BP,cal years BP,,,
calendar year before present,133,yr BP,cal yr B.P.,,2,
calendar year before present,133,yr BP,cal yr BP,,3,
calendar year before present,133,yr BP,cal yrs BP,,1,
calendar year before present,133,yr BP,Calibrated,,72,
calendar year before present,133,yr BP,year BP,1950,3,
calendar year before present,133,yr BP,years BP,1950,3,
calendar year before present,133,yr BP,yr B.P.,1950,3,
calendar year before present,133,yr BP,yr bo,1950,1,
calendar year before present,133,yr BP,yr BP,1950,10590,
calendar year before present,133,yr BP,yr P,1950,1,
calendar year before present,133,yr BP,yrs bp,1950,3,
calendar kiloyear before present,1702,yr ka,ka,,2,
calendar kiloyear before present,1702,yr ka,ka BP,,,
standard deviation unit,536,z score,sd,,4,
standard deviation unit,536,z score,SD,,1,
standard deviation unit,536,z score,SD units,,2,
standard deviation unit,536,z score,std dev,,2,
standard deviation unit,536,z score,zscore,,3,
