family,term,suggested_category,suggested_canonical,suggested_scope,decision,canonical_if_synonym,nick_notes,rationale,note,aliases,alias_n_filled,alias_compilations,in_convo,ts_name,convo_type,same_across_dataset,n_compilations,ubiquity,compilations,n_filled,fill_rate,max_distinct,n_shared_tsids,n_conflict,n_conflict_subst,conflict_rate,example_values
paleoData_description,paleoData_description,review,,,,,,used by 3/18 compilations; in convo,,description,,,TRUE,,,,3,0.17,GBRCD;hydroclimate2k;iso2k,6528,0.908,202,,,,,
pub*_citation,pub1_citation,review,,,,,,used by 3/18 compilations; in convo,1 substantive cross-compilation conflicts,,6837,GBRCD;hydroclimate2k;iso2k,TRUE,pub1_citation,character,TRUE,3,0.17,GBRCD;hydroclimate2k;iso2k,6837,0.951,431,715,2,1,0.0028,"Alibert, C., Kinsley, L., Fallon, S.J., McCulloch, M.T., Berkelmans, R. & McAllister, F. (2003), 'Source of trace element variability in Great Barrier Reef corals affected by the Burdekin flood plumes', Geochimica et Cosmochimica Acta, 67 (2), 231-246, 10.1016/S0016-7037(02)01055-4. | Arzey, A.K., McGregor, H.V., Clark, T.R., Webster, J.M., Lewis, S.E., Mallela, J., McKay, N.P., Fahey, H.W., Chakraborty, S., Razak, T.B. & Fischer, M.J. (2024), 'Coral skeletal proxy records database for the Great Barrier Reef, Australia', Earth System Science Data, 16 (10), 4869-4930, 10.5194/essd-16-4869-2024. | Brenner, L.D., Linsley, B.K. & Potts, D.C. (2017), 'A modern Sr/Ca-δ18O-sea surface temperature calibration for Isopora corals on the Great Barrier Reef', Paleoceanography, 32 (2), 182-194, 10.1002/2016pa002973. | Calvo, E., Marshall, J.F., Pelejero, C., McCulloch, M.T., Gagan, M.K. & Lough, J.M. (2007), 'Interdecadal climate variability in the Coral Sea since 1708 A.D', Palaeogeography, Palaeoclimatology, Palaeoecology, 248 (1-2), 190-201, 10.1016/j.palaeo.2006.12.003."
pub*_citation,pub2_citation,review,,,,,,used by 3/18 compilations; in convo,,,3403,GBRCD;hydroclimate2k;iso2k,TRUE,pub2_citation,character,TRUE,3,0.17,GBRCD;hydroclimate2k;iso2k,3403,0.474,99,214,0,0,0,"Alibert, C. & McCulloch, M.T. (1997), 'Strontium/calcium ratios in modern Porites corals From the Great Barrier Reef as a proxy for sea surface temperature: Calibration of the thermometer and monitoring of ENSO', Paleoceanography, 12 (3), 345-363, 10.1029/97PA00318. | Chakraborty, S., Ramesh, R. & Lough, J.M. (2000), 'Effect of intraband variability on stable isotope and density time series obtained from banded corals', Journal of Earth System Science, 109, no. 1, 145-151, 10.1007/BF02719158. | Wang, Z., Li, J., Wei, G., Deng, W., Chen, X., Zeng, T., Wang, X., Ma, J., Zhang, L., Tu, X., Wang, Q. & McCulloch, M. (2019), 'Biologically controlled Mo isotope fractionation in coral reef systems', Geochimica et Cosmochimica Acta, 262, 128-142, 10.1016/j.gca.2019.07.037. | Chen, X., Deng, W., Kang, H., Zeng, T., Zhang, L., Zhao, J.-x. & Wei, G. (2021), 'A Replication Study on Coral δ11B and B/Ca and Their Variation in Modern and Fossil Porites: Implications for Coral Calcifying Fluid Chemistry and Seawater pH Changes Over the Last Millennium', Paleoceanography and Paleoclimatology, 36 (10), e2021PA004319, 10.1029/2021PA004319."
additionalDataUrl,additionalDataUrl,compilation,,,,,,only CoralHydro2k; in convo but unadopted,,,72,CoralHydro2k,TRUE,additionalDataUrl,character,TRUE,1,0.06,CoralHydro2k,72,0.237,22,,,,,https://www.ncdc.noaa.gov/paleo/study/32392 | https://agupubs.onlinelibrary.wiley.com/doi/suppl/10.1002/2018GL077619 | Information is also available in the supplemental information of Xiao et al. 2017 (doi: 10.1016/j.jseaes.2016.12.012) | https://www.ncdc.noaa.gov/paleo/study/16217
calibration_datasetRange,calibration_datasetRange,compilation,,,,,,only GBRCD; in convo but unadopted,,,276,GBRCD,TRUE,calibration_datasetRange,character,FALSE,1,0.06,GBRCD,276,0.23,59,,,,,1990-1993 | 1988-1993 | 1973-1976 | 1971-1976
calibration_equationIntercept,calibration_equationIntercept,compilation,,,,,,only GBRCD; in convo but unadopted,,,109,GBRCD,TRUE,calibration_equationIntercept,character,FALSE,1,0.06,GBRCD,109,0.091,57,,,,,10.46 | 10.29 | 0.65 | 11.37
calibration_equationSlope,calibration_equationSlope,compilation,,,,,,only GBRCD; in convo but unadopted,,,109,GBRCD,TRUE,calibration_equationSlope,character,FALSE,1,0.06,GBRCD,109,0.091,50,,,,,-0.06 | -0.0537 | -0.185 | -0.083
calibration_equationSlopeUncertainty,calibration_equationSlopeUncertainty,compilation,,,,,,only GBRCD; in convo but unadopted,,,93,GBRCD,TRUE,calibration_equationSlopeUncertainty,character,FALSE,1,0.06,GBRCD,93,0.078,26,,,,,0.001 | 6.00E-04 | 0.014 | 0.007
calibration_gbrCentredEquationNotes,calibration_gbrCentredEquationNotes,compilation,,,,,,only GBRCD; in convo but unadopted,,,20,GBRCD,TRUE,calibration_gbrCentredEquationNotes,character,FALSE,1,0.06,GBRCD,20,0.017,3,,,,,RMA; SrCa = 1.56 - 0.061 * SST; r2 = 0.5929; d18O = 4.66-0.184*SST; r2 = 0.4489 | Method NA; SrCa = -0.0615*SST; r2 = NA; UCa =- 0.00223*SST; r2 = NA | WLS; SrCa slope = -0.048; SrCa slope uncertainty = 0.0001; r2= 0.65
calibration_notes,calibration_notes,compilation,,,,,,only GBRCD; in convo but unadopted,,,1129,GBRCD,TRUE,calibration_notes,character,FALSE,1,0.06,GBRCD,1129,0.942,36,,,,,"No calibration applied. | Centred SrCa-SST and d18O-SST RMA equations available in paper were the author preferred option. | Combined equation from this study (fit period 1986-1988), Alibert & McCulloch (1997), Gagan et al. (1998) and Marshall & McCulloch (2002). | Calibration based on data and age model from Chakraborty et al. (2000); calibration may not align with archived data."
calibration_targetDataset,calibration_targetDataset,compilation,,,,,,only GBRCD; in convo but unadopted,,,268,GBRCD,TRUE,calibration_targetDataset,character,FALSE,1,0.06,GBRCD,268,0.224,22,,,,,AIMS in situ logger | GBRMPA in situ loggers averaged and blended | ERSST v3b | HadISST1.1
climateInterpretation*_basis,climateInterpretation1_basis,compilation,,,,,,only hydroclimate2k;RapidArcticWarming; in convo but unadopted,,basis,,,TRUE,,,,2,0.11,hydroclimate2k;RapidArcticWarming,442,0.049,175,,,,,
climateInterpretation*_basis,climateInterpretation2_basis,compilation,,,,,,only hydroclimate2k; in convo but unadopted,,,17,hydroclimate2k,TRUE,climateInterpretation2_basis,character,FALSE,1,0.06,hydroclimate2k,17,0.003,11,,,,,High elevation snowfall is the primary control on the d18O of groundwater and this lake. | Summer air temperature and its effects on relative humidity control evaporation rates | The amount of high elevation snowfall is the primary control on the d18O of groundwater and this lake. | ...shows distinct episodes of relatively cool and wet as well as warmer and drier climates over the last 4200 years.
climateInterpretation*_direction,climateInterpretation2_direction,compilation,,,,,,only hydroclimate2k; in convo but unadopted,,,17,hydroclimate2k,TRUE,climateInterpretation2_direction,character,FALSE,1,0.06,hydroclimate2k,17,0.003,2,,,,,negative | positive
climateInterpretation*_dynamical,climateInterpretation1_dynamical,compilation,,,,,,only hydroclimate2k; in convo but unadopted,,dynamicalSystem,,,TRUE,,,,1,0.06,hydroclimate2k,11,0.002,8,,,,,
climateInterpretation*_seasonality,climateInterpretation2_seasonality,compilation,,,,,,only hydroclimate2k; in convo but unadopted,,,17,hydroclimate2k,TRUE,climateInterpretation2_seasonality,character,FALSE,1,0.06,hydroclimate2k,17,0.003,9,,,,,Nov-April | Apr-Sep | Apri-Oct | Annual
climateInterpretation*_variable,climateInterpretation2_variable,compilation,,,,,,only hydroclimate2k; in convo but unadopted,,,17,hydroclimate2k,TRUE,climateInterpretation2_variable,character,FALSE,1,0.06,hydroclimate2k,17,0.003,7,,,,,Precipitation amount | Air Temperature | Precipitation | effectivePrecipitation
climateInterpretation*_variableDetail,climateInterpretation2_variableDetail,compilation,,,,,,only hydroclimate2k; in convo but unadopted,,,7,hydroclimate2k,TRUE,climateInterpretation2_variableDetail,character,FALSE,1,0.06,hydroclimate2k,7,0.001,4,,,,,air@surface | @surface | surface temperature | atmospheric surface temperature
collectionYear,collectionYear,compilation,,,,,,only GBRCD; in convo but unadopted,,,1102,GBRCD,TRUE,collectionYear,character,TRUE,1,0.06,GBRCD,1102,0.919,59,,,,,1993-10 | 1998-10 | 1988 | 2012-05
distinctYearsInCommonEra,distinctYearsInCommonEra,compilation,,,,,,only hydroclimate2k; not in convo,,,4738,hydroclimate2k,FALSE,,,,1,0.06,hydroclimate2k,4738,0.956,372,,,,,209 | 131 | 88 | 75
dynamicalSystemBasis,dynamicalSystemBasis,compilation,,,,,,only hydroclimate2k; not in convo,,,9,hydroclimate2k,FALSE,,,,1,0.06,hydroclimate2k,9,0.002,9,,,,,"Higher streamflow is associated with preferred modes of atmospheric circulation. For the southwestern United States, this preferred mode is similar to the positive, or warm phase of the Pacific Decadal Oscillation; total sand records a combination of local (i.e. lake level/discharge) and regional (i.e. PDO-related) climate variability | Mountain precipitation is lower in d18O and higher in amount during positive phases of ENSO and PDO due to intensified long-distance southerly vapor transport and topographic rainout. | Higher mountain precipitation amounts are lower in d18O with intensified long-distance southerly flow and topographic rainout during positive phases of ENSO and PDO. | In this region, ENSO/PDO is a primary control of winter snowfall whereas the NAM is a primary control of summer rainfall."
dynamicalSystemDirection,dynamicalSystemDirection,compilation,,,,,,only hydroclimate2k; not in convo,,,10,hydroclimate2k,FALSE,,,,1,0.06,hydroclimate2k,10,0.002,4,,,,,positive | negative | non-stationary | Positive
environmentInterpretation*_basis,environmentInterpretation1_basis,compilation,,,,,,only hydroclimate2k; in convo but unadopted,,,34,hydroclimate2k,TRUE,environmentInterpretation1_basis,character,FALSE,1,0.06,hydroclimate2k,34,0.007,27,,,,,"dark layers are formed during arid periods when reduced Ca2+ input from groundwater leads to a decline in aragonite precipitation | In Castor Lake the δ18O of aragonite primarily reflects lake water δ18O and hence the P/E influencing the system at the time of mineral formation. Most aragonite precipitates at similar temperatures during summer months, minimizing the influence of water temperature variations. | Seasonality 'summer-to-early-fall' (NH) | grain size reflect changes in run-off dynamics as coupled to changes in atmospheric circulation (i.e. climate)"
environmentInterpretation*_basis,environmentInterpretation2_basis,compilation,,,,,,only hydroclimate2k; in convo but unadopted,,,15,hydroclimate2k,TRUE,environmentInterpretation2_basis,character,FALSE,1,0.06,hydroclimate2k,15,0.003,11,,,,,pollen evidence and increase in sedimentation rate at 250 BCE-225 CE | The combined fractionation factors of calcite formation in lake water (~-0.25‰/˚C) and the average relation between precipiation-d18O and surface temperature (+0.3 to 0.6‰). | Watershed erosion goes down and brings less lithogenic material into the lake to dilute the %OM when vegetation is denser | Watershed erosion goes up and brings more lithogenic material into the lake when vegetation is less dense
environmentInterpretation*_direction,environmentInterpretation1_direction,compilation,,,,,,only hydroclimate2k; in convo but unadopted,,,730,hydroclimate2k,TRUE,environmentInterpretation1_direction,character,FALSE,1,0.06,hydroclimate2k,730,0.147,5,,,,,positive | negative | Positive | Negative
environmentInterpretation*_direction,environmentInterpretation2_direction,compilation,,,,,,only hydroclimate2k; in convo but unadopted,,,73,hydroclimate2k,TRUE,environmentInterpretation2_direction,character,FALSE,1,0.06,hydroclimate2k,73,0.015,3,,,,,negative | positive | increase
environmentInterpretation*_seasonality,environmentInterpretation1_seasonality,compilation,,,,,,only hydroclimate2k; in convo but unadopted,,,498,hydroclimate2k,TRUE,environmentInterpretation1_seasonality,character,FALSE,1,0.06,hydroclimate2k,498,0.1,36,,,,,subannual | Annual | Jun-Aug | Dec-Feb
environmentInterpretation*_seasonality,environmentInterpretation2_seasonality,compilation,,,,,,only hydroclimate2k; in convo but unadopted,,,16,hydroclimate2k,TRUE,environmentInterpretation2_seasonality,character,FALSE,1,0.06,hydroclimate2k,16,0.003,2,,,,,annual | sub-annual
environmentInterpretation*_variable,environmentInterpretation1_variable,compilation,,,,,,only hydroclimate2k; in convo but unadopted,,,809,hydroclimate2k,TRUE,environmentInterpretation1_variable,character,FALSE,1,0.06,hydroclimate2k,809,0.163,34,,,,,seawaterIsotope | sea surface temperature | effectivePrecipitation | precipitationIsotope
environmentInterpretation*_variable,environmentInterpretation2_variable,compilation,,,,,,only hydroclimate2k; in convo but unadopted,,,91,hydroclimate2k,TRUE,environmentInterpretation2_variable,character,FALSE,1,0.06,hydroclimate2k,91,0.018,17,,,,,temperature | anthropogenic disturbance | Temperature of lake water and atmospheric vapor condensation | precipitationIsotope
gbrCompositeCalibrationList,gbrCompositeCalibrationList,compilation,,,,,,only GBRCD; in convo but unadopted,,,85,GBRCD,TRUE,gbrCompositeCalibrationList,character,TRUE,1,0.06,GBRCD,85,0.071,13,,,,,"HER-1F; HER-13; GBR-538; GBR-637 ; GBR641A | KMN-03B-01, BRO-01A-02, BRT-01A-03, BRT-01B-01, HAV-01A-02, PAN-08B-02, GPI-02A-01, LOD-01A-01 | Havannah; Pandora | ACH01A; BRO01A; CID01A; CNR01B; COO01E; DUN02A; GPI02A; HAV01A; HKO01B; HMP01B; LUP01C; MAG01D; NOR01B; NMI01B; PAN07B; SMI01C; SNH01A"
gbrCoreIDOtherStudyList,gbrCoreIDOtherStudyList,compilation,,,,,,only GBRCD; in convo but unadopted,,,519,GBRCD,TRUE,gbrCoreIDOtherStudyList,character,TRUE,1,0.06,GBRCD,519,0.433,63,,,,,Fallon (2000); Fallon et al. (2003) | Alibert and McCulloch (1997); Fallon (2000); Fallon et al. (2003) | Chakraborty (1993); Chakraborty et al. (2000) | Linsley et al. (2019)
gbrHasAlternateCalibration,gbrHasAlternateCalibration,compilation,,,,,,only GBRCD; in convo but unadopted,,,1199,GBRCD,TRUE,gbrHasAlternateCalibration,character,TRUE,1,0.06,GBRCD,1199,1,2,,,,,FALSE | TRUE
gbrIsCompositeCalibration,gbrIsCompositeCalibration,compilation,,,,,,only GBRCD; in convo but unadopted,,,1199,GBRCD,TRUE,gbrIsCompositeCalibration,character,TRUE,1,0.06,GBRCD,1199,1,2,,,,,FALSE | TRUE
gbrIsCoreIDOtherStudy,gbrIsCoreIDOtherStudy,compilation,,,,,,only GBRCD; in convo but unadopted,,,1199,GBRCD,TRUE,gbrIsCoreIDOtherStudy,character,TRUE,1,0.06,GBRCD,1199,1,2,,,,,TRUE | FALSE
gbrIsSstCalibration,gbrIsSstCalibration,compilation,,,,,,only GBRCD; in convo but unadopted,,,1199,GBRCD,TRUE,gbrIsSstCalibration,character,TRUE,1,0.06,GBRCD,1199,1,2,,,,,TRUE | FALSE
gbrUseSstCalibration,gbrUseSstCalibration,compilation,,,,,,only GBRCD; in convo but unadopted,,,1199,GBRCD,TRUE,gbrUseSstCalibration,character,TRUE,1,0.06,GBRCD,1199,1,2,,,,,TRUE | FALSE
geo_area,geo_area,compilation,,,,,,only hydroclimate2k; in convo but unadopted,,,80,hydroclimate2k,TRUE,geo_area,character,TRUE,1,0.06,hydroclimate2k,80,0.016,13,,,,,1571 m2 | 0.07 km2 | 0.18 km2 | 115 km2
geo_basinType,geo_basinType,compilation,,,,,,only hydroclimate2k; in convo but unadopted,,,114,hydroclimate2k,TRUE,geo_basinType,character,TRUE,1,0.06,hydroclimate2k,114,0.023,9,,,,,closed | open groundwater lake | Closed groundwater lake | open
geo_depthCoring,geo_depthCoring,compilation,,,,,,only hydroclimate2k; in convo but unadopted,,,85,hydroclimate2k,TRUE,geo_depthCoring,character,TRUE,1,0.06,hydroclimate2k,85,0.017,14,,,,,7 m | 11.6m | 4.5m | 3.1m
geo_depthMax,geo_depthMax,compilation,,,,,,only hydroclimate2k; in convo but unadopted,,,70,hydroclimate2k,TRUE,geo_depthMax,character,TRUE,1,0.06,hydroclimate2k,70,0.014,20,,,,,13 m | <10 m | 3.6m | 1.5m
geo_location,geo_location,compilation,,,,,,only GBRCD; in convo but unadopted,,,216,GBRCD,TRUE,geo_location,character,TRUE,1,0.06,GBRCD,216,0.18,8,,,,,"Heron Island Reef | Geoffrey Bay | Pete's Bay, One Tree Island Lagoon | Iris Point"
geo_notes,geo_notes,compilation,,,,,,only GBRCD; in convo but unadopted,,,1053,GBRCD,TRUE,geo_notes,character,TRUE,1,0.06,GBRCD,1053,0.878,125,,,,,"GPS coordinates offset from Davies Reef. Reef located -18.82, 147.64 for reef from 'Reefs and shoals – Queensland' geodatabase. Upper surface 3.1 m below low tide mark. | GPS coordinates offset from Pandora Reef. Reef located at -18.813, 146.433 from 'Reefs and shoals – Queensland' geodatabase. | Latitude and longitude inferred for reef from 'Reefs and shoals – Queensland' geodatabase. | Latitude and longitude supplied by J. Mallela. Top of colony water depth 0.5 m and bottom of colony 1.7 m."
geo_ocean,geo_ocean,compilation,,,,,,only CoralHydro2k; in convo but unadopted,,ocean,,,TRUE,,,,1,0.06,CoralHydro2k,304,1,5,,,,,
geo_ocean2,geo_ocean2,compilation,,,,,,only CoralHydro2k; in convo but unadopted,,ocean2,,,TRUE,,,,1,0.06,CoralHydro2k,100,0.329,6,,,,,
geo_secondarySiteName,geo_secondarySiteName,compilation,,,,,,only CoralHydro2k; in convo but unadopted,,secondarySiteName,,,TRUE,,,,1,0.06,CoralHydro2k,197,0.648,56,,,,,
hasChron,hasChron,compilation,,,,,,only iso2k; in convo but unadopted,,Has chronology data,,,TRUE,,,,1,0.06,iso2k,1031,1,2,,,,,
hasDepth,hasDepth,compilation,,,,,,only iso2k; in convo but unadopted,,Has paleo depth data,,,TRUE,,,,1,0.06,iso2k,1031,1,2,,,,,
hasResolution_nominal,hasResolution_nominal,compilation,,,,,,only CoralHydro2k; in convo but unadopted,,nominalResolution,,,TRUE,,,,1,0.06,CoralHydro2k,285,0.938,11,,,,,
interpretationApplies,interpretationApplies,compilation,,,,,,only hydroclimate2k; not in convo,,,1,hydroclimate2k,FALSE,,,,1,0.06,hydroclimate2k,1,0,1,,,,,3ka to present
isotopeInterpretation*_basis,isotopeInterpretation1_basis,compilation,,,,,,only iso2k; in convo but unadopted,,,601,iso2k,TRUE,isotopeInterpretation1_basis,character,FALSE,1,0.06,iso2k,601,0.583,254,,,,,"precipitation occurs in closest proximity to the bulk of global cloud formation and its dD values are most influenced by its amount. dD values de- crease as precipitation amount increases (Risi et al., 2008). Additional factors shape the dD values of fatty acids in land-plants as well but their consideration below suggests that our dDn-C26 sequences were unambiguously if qualita- tively reflecting changes in amount of precipitation. | The coral 18O record from this site reflects primarily SST; a linear regression of coral 18O versus SST yields a slope of 0.24 per mil (a€°) 18O per 1A°C, explaining 47% of the SST variance (20). | The availability of instrumental climate data allow the comparison with the coral signal and supports the interpretation of reconstructed past temperature anomalies. The use of air temperatures is justified by the strong long-term correspondence between Bermuda SST (COADS) of a 2 latitude by 2 longitude area and Bermuda air temperature during a 40-year period. | This tracer responds to water temperature through a temperature- dependent fractionation [~ -0.2 permil d18O/degree C (19, 20)], as well as to changes in rainfall, due to the influence of isotopically light (more negative d18O) rainfall on surface ocean composition. Because SST and rainfall are intimately linked in tropical areas of strong convective rainfall such as the western equatorial Pacific, the two factors combine to produce an enhanced climatic signal in coral skeletal d18O."
isotopeInterpretation*_basis,isotopeInterpretation2_basis,compilation,,,,,,only iso2k; in convo but unadopted,,,159,iso2k,TRUE,isotopeInterpretation2_basis,character,FALSE,1,0.06,iso2k,159,0.154,71,,,,,"Plant to plant differences in fractionations between dD values of n-alkyl compounds and their precipitation source may introduce the greatest error in interpreting rainfall amount. | additional variability in coral 18O may arise from vari- ations in the 18O of seawater due to precip- itation, evaporation, or runoff, but at this site these changes are likely to be secondary be- cause local rainfall 18O is not strongly de- pleted from average seawater (21) and salin- ity gradients are small (22). Rainfall and SST influences are likely to be additive in terms of annual effect on coral 18O because warmer years tend to be wetter at this site. | the salinity effect on the isotopic pool of the ambient seawater is considered a negligible background signal and variations in coral d18O can be attributed to be primarily driven by changes in SST. | SSS linked to rainfall"
isotopeInterpretation*_basis,isotopeInterpretation3_basis,compilation,,,,,,only iso2k; in convo but unadopted,,,77,iso2k,TRUE,isotopeInterpretation3_basis,character,FALSE,1,0.06,iso2k,77,0.075,8,,,,,"Salinity_water (mostly P-E) | Permanent anoxia in the subsurface water confines phytoplankton, dominated by dinoflagellates and diatoms24, to the oxygenated, brackish and deuterium-depleted surface water where their lipid dD values can be expected to closely co-vary with the surface water dDvalues25,26. dD values of that water are controlled by the amount of rainfall, its isotopic composition and the amount of mixing with the underlying sea water. As rain also increases the density stratification in the lakes, decreasing mixing, surface water dD values are expected to be significantly lower during wet periods compared with dry periods.  Zhang and Sachs 2007, Organic Geochemistry, 38: 582-608. | Secondly, plant community changes in the catchment (or other ecological changes) may influence the dD record. Vegetation changes could reasonably have an influence on the mean catchment ewax/precip that lasts for decades, so this mecha- nism might operate too slowly to explain sample-to-sample vari- ability in the sediment, although it may contribute to the multi- decadal variability. We observed abundance variation in homo- logues downcore (Fig. 5), which could be consistent with ecological changes influencing dD values; however, the non-unique chain length distributions of different plant species (Bush and McIner- ney, 2013) make it impossible to draw unique solutions here. | While the isotopic composition of precipitation appears to be the primary control on the structure of the LT ?Dwax record, it is clear that secondary effects also contribute to this signal. Most notably, the much larger range at LT (102h) than at Illimani (58h) over the past 19 kyr suggests the influence of compounding effects on LT ?Dwax, such as decreased regional precipitation, resulting in a more enriched ?Dp, and low local humidity, which would tend to further enrich plant source water by soil water evaporation and/or leaf transpiration. Since such local evapotranspiration feedbacks would be expected to act in step with ?Dp changes, this would serve to amplify the ?Dwax signal and increase its sensitivity to ?Dp variability."
isotopeInterpretation*_coefficient,isotopeInterpretation1_coefficient,compilation,,,,,,only iso2k; in convo but unadopted,,,6,iso2k,TRUE,isotopeInterpretation1_coefficient,numeric,FALSE,1,0.06,iso2k,6,0.006,5,,,,,0.58 | -0.2 | -0.209 | 1.973
isotopeInterpretation*_direction,isotopeInterpretation1_direction,compilation,,,,,,only hydroclimate2k;iso2k; in convo but unadopted,,,1299,hydroclimate2k;iso2k,TRUE,isotopeInterpretation1_direction,character,FALSE,2,0.11,hydroclimate2k;iso2k,1299,0.217,5,554,0,0,0,positive | negative | decrease
isotopeInterpretation*_direction,isotopeInterpretation2_direction,compilation,,,,,,only hydroclimate2k;iso2k; in convo but unadopted,,,400,hydroclimate2k;iso2k,TRUE,isotopeInterpretation2_direction,character,FALSE,2,0.11,hydroclimate2k;iso2k,400,0.067,9,175,0,0,0,negative | positive | postive | increase
isotopeInterpretation*_direction,isotopeInterpretation3_direction,compilation,,,,,,only hydroclimate2k;iso2k; in convo but unadopted,,,135,hydroclimate2k;iso2k,TRUE,isotopeInterpretation3_direction,character,FALSE,2,0.11,hydroclimate2k;iso2k,135,0.023,4,57,0,0,0,"negative | depends on plant type | positive | positive (more mixing, higher d2H in surface waters)"
isotopeInterpretation*_fraction,isotopeInterpretation1_fraction,compilation,,,,,,only iso2k; in convo but unadopted,,,14,iso2k,TRUE,isotopeInterpretation1_fraction,numeric,FALSE,1,0.06,iso2k,14,0.014,11,,,,,0.47 | 0.81 | 0.5 | 0.6
isotopeInterpretation*_fraction,isotopeInterpretation2_fraction,compilation,,,,,,only iso2k; in convo but unadopted,,,4,iso2k,TRUE,isotopeInterpretation2_fraction,numeric,FALSE,1,0.06,iso2k,4,0.004,4,,,,,0.5 | 0.22 | 0.29 | 0
isotopeInterpretation*_mathematicalRelation,isotopeInterpretation1_mathematicalRelation,compilation,,,,,,only iso2k; in convo but unadopted,,,544,iso2k,TRUE,isotopeInterpretation1_mathematicalRelation,character,FALSE,1,0.06,iso2k,544,0.528,7,,,,,linear | linear (MLR) | depends on the source area and transport path to the study site | nonlinear
isotopeInterpretation*_mathematicalRelation,isotopeInterpretation2_mathematicalRelation,compilation,,,,,,only iso2k; in convo but unadopted,,,172,iso2k,TRUE,isotopeInterpretation2_mathematicalRelation,character,FALSE,1,0.06,iso2k,172,0.167,7,,,,,linear | linear (MLR) | depends on which season provides source moisture for plants | nonlinear
isotopeInterpretation*_mathematicalRelation,isotopeInterpretation3_mathematicalRelation,compilation,,,,,,only iso2k; in convo but unadopted,,,66,iso2k,TRUE,isotopeInterpretation3_mathematicalRelation,character,FALSE,1,0.06,iso2k,66,0.064,2,,,,,Sr/Ca avaiable for select intervals | linear
isotopeInterpretation*_rank,isotopeInterpretation1_rank,compilation,,,,,,only iso2k; in convo but unadopted,,,579,iso2k,TRUE,isotopeInterpretation1_rank,numeric,FALSE,1,0.06,iso2k,579,0.562,2,,,,,1 | 2
isotopeInterpretation*_rank,isotopeInterpretation2_rank,compilation,,,,,,only iso2k; in convo but unadopted,,,203,iso2k,TRUE,isotopeInterpretation2_rank,numeric,FALSE,1,0.06,iso2k,203,0.197,2,,,,,2 | 1
isotopeInterpretation*_rank,isotopeInterpretation3_rank,compilation,,,,,,only iso2k; in convo but unadopted,,,24,iso2k,TRUE,isotopeInterpretation3_rank,numeric,FALSE,1,0.06,iso2k,24,0.023,2,,,,,3 | 1
isotopeInterpretation*_seasonality,isotopeInterpretation1_seasonality,compilation,,,,,,only hydroclimate2k;iso2k; in convo but unadopted,,,1151,hydroclimate2k;iso2k,TRUE,isotopeInterpretation1_seasonality,character,FALSE,2,0.11,hydroclimate2k;iso2k,1151,0.192,37,515,0,0,0,subannual | Annual | Jun-Aug | Dec-Feb
isotopeInterpretation*_seasonality,isotopeInterpretation2_seasonality,compilation,,,,,,only hydroclimate2k;iso2k; in convo but unadopted,,,181,hydroclimate2k;iso2k,TRUE,isotopeInterpretation2_seasonality,character,FALSE,2,0.11,hydroclimate2k;iso2k,181,0.03,10,70,0,0,0,Wet Season | Winter | Summer | Spring
isotopeInterpretation*_seasonality,isotopeInterpretation3_seasonality,compilation,,,,,,only hydroclimate2k;iso2k; in convo but unadopted,,,117,hydroclimate2k;iso2k,TRUE,isotopeInterpretation3_seasonality,character,FALSE,2,0.11,hydroclimate2k;iso2k,117,0.02,3,51,0,0,0,Summer | Annual | May-Oct
isotopeInterpretation*_variable,isotopeInterpretation1_variable,compilation,,,,,,only hydroclimate2k;iso2k; in convo but unadopted,,,1325,hydroclimate2k;iso2k,TRUE,isotopeInterpretation1_variable,character,FALSE,2,0.11,hydroclimate2k;iso2k,1325,0.221,11,556,0,0,0,seawaterIsotope | temperature | effectivePrecipitation | precipitationIsotope
isotopeInterpretation*_variable,isotopeInterpretation2_variable,compilation,,,,,,only hydroclimate2k;iso2k; in convo but unadopted,,,459,hydroclimate2k;iso2k,TRUE,isotopeInterpretation2_variable,character,FALSE,2,0.11,hydroclimate2k;iso2k,459,0.077,12,196,0,0,0,temperature | seawaterIsotope | precipitationIsotope | groundWaterIsotope
isotopeInterpretation*_variable,isotopeInterpretation3_variable,compilation,,,,,,only hydroclimate2k;iso2k; in convo but unadopted,,,99,hydroclimate2k;iso2k,TRUE,isotopeInterpretation3_variable,character,FALSE,2,0.11,hydroclimate2k;iso2k,99,0.017,8,12,0,0,0,temperature | groundWaterIsotope | relativeHumidity | precipitation
notes,notes,compilation,,,,,,only GBRCD; in convo but unadopted,,,346,GBRCD,TRUE,notes,character,TRUE,1,0.06,GBRCD,346,0.289,60,,,,,"Sample originally measured by T. Razak, but has not been published previously. Age model created by A. Arzey for archiving. See GBRCD publication appendices. | Sample originally measured by A. Arzey, but data was not published previously. See GBRCD publication appendices. | Coral was part of the Enrichment of Nutrients Coral Reef Experiment (ENCORE) - control treatment. Trace elements were originally measured by S. Lewis, but data was not published previously. Age model updated for archiving. Notable diagenetic alteration. See GBRCD publication appendices. | Coral was part of the Enrichment of Nutrients Coral Reef Experiment (ENCORE) - nitrogen treatment. Trace elements were originally measured by S. Lewis, but data was not published previously. Age model updated for archiving. Notable diagenetic alteration. See GBRCD publication appendices."
paleoData_climateCorrelation,paleoData_climateCorrelation,compilation,,,,,,only Nam2kDendro; in convo but unadopted,,climateCorrelation,,,TRUE,,,,1,0.06,Nam2kDendro,1837,0.095,1608,,,,,
paleoData_climateCorrelationPval,paleoData_climateCorrelationPval,compilation,,,,,,only Nam2kDendro; in convo but unadopted,,climateCorrelationPval,,,TRUE,,,,1,0.06,Nam2kDendro,1837,0.095,1170,,,,,
paleoData_coralExtensionRate,paleoData_coralExtensionRate,compilation,,,,,,only GBRCD; in convo but unadopted,,,578,GBRCD,TRUE,paleoData_coralExtensionRate,character,FALSE,1,0.06,GBRCD,578,0.482,69,,,,,13 | 12.7 | 19.3 | 18
paleoData_coralExtensionRateNotes,paleoData_coralExtensionRateNotes,compilation,,,,,,only GBRCD; in convo but unadopted,,,637,GBRCD,TRUE,paleoData_coralExtensionRateNotes,character,FALSE,1,0.06,GBRCD,637,0.531,81,,,,,13 ± 3 mm/year; 30 μm/day ± 19% RSD | 60 μm/day ± 37% RSD | 12.7 mm/year | 19.3 mm/year
paleoData_coralHydro2kGroup,paleoData_coralHydro2kGroup,compilation,,,,,,term name references a compilation; used by CoralHydro2k,,coralHydro2kGroup,,,TRUE,,,,1,0.06,CoralHydro2k,304,1,7,,,,,
paleoData_coralTissueThickness,paleoData_coralTissueThickness,compilation,,,,,,only GBRCD; in convo but unadopted,,,227,GBRCD,TRUE,paleoData_coralTissueThickness,character,FALSE,1,0.06,GBRCD,227,0.189,14,,,,,5 | 6.5 | 7 | 5.5
paleoData_core,paleoData_core,compilation,,,,,,only GBRCD; in convo but unadopted,,,1194,GBRCD,TRUE,paleoData_core,character,FALSE,1,0.06,GBRCD,1194,0.996,183,,,,,Davies 2; Davies 2 side | PAN 98-2; PAN 98-2 B3 | PAN 98-2; PAN 98-2 B1 | Dip-04
paleoData_coreName,paleoData_coreName,compilation,,,,,,only CoralHydro2k;hydroclimate2k; in convo but unadopted,,coreName,,,TRUE,,,,2,0.11,CoralHydro2k;hydroclimate2k,281,0.053,161,,,,,
paleoData_createdBy,paleoData_createdBy,compilation,,,,,,only hydroclimate2k; in convo but unadopted,,,331,hydroclimate2k,TRUE,paleoData_createdBy,character,FALSE,1,0.06,hydroclimate2k,331,0.067,3,,,,,hydroclimate2k | wNAM | RapidArcticWarming - duplicate
paleoData_equilibriumEvidence,paleoData_equilibriumEvidence,compilation,,,,,,only iso2k; in convo but unadopted,,isotopeInterpretation1_equilibriumEvidence,,,TRUE,,,,1,0.06,iso2k,136,0.132,53,,,,,
paleoData_gbr14CDate,paleoData_gbr14CDate,compilation,,,,,,only GBRCD; in convo but unadopted,,,6,GBRCD,TRUE,paleoData_gbr14CDate,character,FALSE,1,0.06,GBRCD,6,0.005,4,,,,,5689 | 5688 | 5571 | 4481
paleoData_gbr14CDateUncertainty,paleoData_gbr14CDateUncertainty,compilation,,,,,,only GBRCD; in convo but unadopted,,,6,GBRCD,TRUE,paleoData_gbr14CDateUncertainty,character,FALSE,1,0.06,GBRCD,6,0.005,3,,,,,25 | 31 | 30
paleoData_gbrChronologyNotes,paleoData_gbrChronologyNotes,compilation,,,,,,only GBRCD; in convo but unadopted,,,1199,GBRCD,TRUE,paleoData_gbrChronologyNotes,character,FALSE,1,0.06,GBRCD,1199,1,66,,,,,SrCa compared with weekly averaged in situ SSTs from Davies Reef weather station. Features in SrCa record matched with same events in the SST record. | SrCa time series was derived by scaling of the distance axis for 1989 to 1993. | SrCa compared with in-situ weekly averaged blended SSTs from 3 sites around Orpheus and Pelorus Islands for TIMS data. | SrCa compared with weekly averaged SSTs; slice B1 matched only a small number of data points with mainly satellite derived SSTs 1988 to 1993.
paleoData_gbrDataCoverageGroup,paleoData_gbrDataCoverageGroup,compilation,,,,,,only GBRCD; in convo but unadopted,,,1199,GBRCD,TRUE,paleoData_gbrDataCoverageGroup,character,FALSE,1,0.06,GBRCD,1199,1,3,,,,,3 | 2 | 1
paleoData_gbrDatingNotes,paleoData_gbrDatingNotes,compilation,,,,,,only GBRCD; in convo but unadopted,,,74,GBRCD,TRUE,paleoData_gbrDatingNotes,character,FALSE,1,0.06,GBRCD,74,0.062,20,,,,,Off-cut of coral section used for record dated July 2022. Date sample taken from top of off-cut section and assumed to match youngest year of the record. See GBRCD publication appendices. | Alternate slice of coral dated July 2022. Date sample taken from near basal section of coral slice. Assumed to match oldest year of the record. See GBRCD publication appendices. | 5.790 ± 0.031 ka reported 2003-09 for top of NEL01D and 6.089 ± 0.040 ka reported 2003-09 for bottom of NEL01D. Additional dating information provided in Lewis (2005). Original age discrepancy compared with published Lough et al. (2014) 14C dating becomes within error using re-calibration of 14C ages. Assumed this NEL01D youngest year (year 130) matches LO14NEL04 youngest year (Lough et al. (2014) year 0). | 6.062 ± 0.089 ka reported 2003-09 for top of NEL03D and 6.179 ± 0.036 ka reported 2003-09 for bottom of NEL03D. Additional dating information provided in Lewis (2005). Original age discrepancy compared with published Lough et al. (2014) 14C dating becomes smaller using re-calibration of 14C ages. Assumed this NEL03D youngest year (year 70) matches youngest year of LO14NEL04 (Lough et al. (2014) NEL03D year 234).
paleoData_gbrIsAnomaly,paleoData_gbrIsAnomaly,compilation,,,,,,only GBRCD; in convo but unadopted,,,1199,GBRCD,TRUE,paleoData_gbrIsAnomaly,character,FALSE,1,0.06,GBRCD,1199,1,2,,,,,FALSE | TRUE
paleoData_gbrIsDatabaseDuplicate,paleoData_gbrIsDatabaseDuplicate,compilation,,,,,,only GBRCD; in convo but unadopted,,,1199,GBRCD,TRUE,paleoData_gbrIsDatabaseDuplicate,character,FALSE,1,0.06,GBRCD,1199,1,2,,,,,TRUE | FALSE
paleoData_gbrUThDate,paleoData_gbrUThDate,compilation,,,,,,only GBRCD; in convo but unadopted,,,66,GBRCD,TRUE,paleoData_gbrUThDate,character,FALSE,1,0.06,GBRCD,66,0.055,13,,,,,5752 | 5721 | 5736 | 6008
paleoData_gbrUThDateUncertainty,paleoData_gbrUThDateUncertainty,compilation,,,,,,only GBRCD; in convo but unadopted,,,66,GBRCD,TRUE,paleoData_gbrUThDateUncertainty,character,FALSE,1,0.06,GBRCD,66,0.055,9,,,,,13 | 11 | 31 | 89
paleoData_hasUncertainty,paleoData_hasUncertainty,compilation,,,,,,only CoralHydro2k; in convo but unadopted,,hasUncertainty,,,TRUE,,,,1,0.06,CoralHydro2k,7,0.023,7,,,,,
paleoData_hydroclimate2kCertification,paleoData_hydroclimate2kCertification,compilation,,,,,,term name references a compilation; used by hydroclimate2k,,hydroclimate 2k Certification,,,TRUE,,,,1,0.06,hydroclimate2k,142,0.029,10,,,,,
paleoData_inferredMaterial,paleoData_inferredMaterial,compilation,,,,,,only hydroclimate2k;iso2k; in convo but unadopted,,inferredMaterial,,,TRUE,,,,2,0.11,hydroclimate2k;iso2k,3099,0.518,20,,,,,
paleoData_isComposite,paleoData_isComposite,compilation,,,,,,only CoralHydro2k; in convo but unadopted,,isComposite,,,TRUE,,,,1,0.06,CoralHydro2k,304,1,2,,,,,
paleoData_iso2kCertification,paleoData_iso2kCertification,compilation,,,,,,term name references a compilation; used by iso2k,,Iso2k QC certification (INITIALS),,,TRUE,,,,1,0.06,iso2k,727,0.705,68,,,,,
paleoData_iso2kHackathonNotes,paleoData_iso2kHackathonNotes,compilation,,,,,,term name references a compilation; used by iso2k,,QC notes from Hackathon #2 (and initials),,,TRUE,,,,1,0.06,iso2k,384,0.372,95,,,,,
paleoData_iso2kPrimaryTimeseries,paleoData_iso2kPrimaryTimeseries,compilation,,,,,,term name references a compilation; used by iso2k,,Iso2k primary timeseries for dataset,,,TRUE,,,,1,0.06,iso2k,1022,0.991,5,,,,,
paleoData_iso2kUI,paleoData_iso2kUI,compilation,,,,,,term name references a compilation; used by hydroclimate2k;iso2k,,iso2kUI,,,TRUE,,,,2,0.11,hydroclimate2k;iso2k,1411,0.236,762,,,,,
paleoData_jcpMeasured,paleoData_jcpMeasured,compilation,,,,,,only GBRCD; in convo but unadopted,,,325,GBRCD,TRUE,paleoData_jcpMeasured,character,FALSE,1,0.06,GBRCD,325,0.271,11,,,,,8.82 | 8.64 | 8.79 | 8.85
paleoData_jcpUsed,paleoData_jcpUsed,compilation,,,,,,only GBRCD; in convo but unadopted,,,1199,GBRCD,TRUE,paleoData_jcpUsed,character,FALSE,1,0.06,GBRCD,1199,1,2,,,,,FALSE | TRUE
paleoData_longName,paleoData_longName,compilation,,,,,,only GBRCD; in convo but unadopted,,,1199,GBRCD,TRUE,paleoData_longName,character,FALSE,1,0.06,GBRCD,1199,1,77,,,,,Sr/Ca | Distance | Ba | Ba/Ca
paleoData_measurementInstrument,paleoData_measurementInstrument,compilation,,,,,,only GBRCD; in convo but unadopted,,,1115,GBRCD,TRUE,paleoData_measurementInstrument,character,FALSE,1,0.06,GBRCD,1115,0.93,62,,,,,Finnigan MAT 261 | ArF excisor laser beam paired with Fisons PQII Q-ICP-MS or Agilent 7500s Q-ICP-MS | Thermo X-Series II Q-ICP-MS | Thermo Scientific iCAP 7600 series ICP-AES
paleoData_measurementMaterial,paleoData_measurementMaterial,compilation,,,,,,only hydroclimate2k;iso2k; in convo but unadopted,,measurementMaterial,,,TRUE,,,,2,0.11,hydroclimate2k;iso2k,2252,0.376,73,,,,,
paleoData_measurementMaterialDetail,paleoData_measurementMaterialDetail,compilation,,,,,,only hydroclimate2k;iso2k; in convo but unadopted,,measurementMaterialDetail,,,TRUE,,,,2,0.11,hydroclimate2k;iso2k,921,0.154,181,,,,,
paleoData_measurementMaterialScreening,paleoData_measurementMaterialScreening,compilation,,,,,,only GBRCD; in convo but unadopted,,,1199,GBRCD,TRUE,paleoData_measurementMaterialScreening,character,FALSE,1,0.06,GBRCD,1199,1,6,,,,,No | Yes; SEM | Yes; SEM & XRD | Yes; UV & SEM
paleoData_measurementMethod,paleoData_measurementMethod,compilation,,,,,,only GBRCD; in convo but unadopted,,,1120,GBRCD,TRUE,paleoData_measurementMethod,character,FALSE,1,0.06,GBRCD,1120,0.934,19,,,,,TIMS | LA-ICP-MS | Q-ICP-MS | ICP-AES
paleoData_samplingResolution,paleoData_samplingResolution,compilation,,,,,,only GBRCD; in convo but unadopted,,,1199,GBRCD,TRUE,paleoData_samplingResolution,character,FALSE,1,0.06,GBRCD,1199,1,14,,,,,fortnightly_uneven | weekly_uneven | monthly_uneven | annual
paleoData_sensorSpecies,paleoData_sensorSpecies,compilation,,,,,,only GBRCD;hydroclimate2k; in convo but unadopted,,sensorSpecies,,,TRUE,,,,2,0.11,GBRCD;hydroclimate2k,1199,0.195,11,,,,,
paleoData_uncertaintyAnalytical,paleoData_uncertaintyAnalytical,compilation,,,,,,only GBRCD; in convo but unadopted,,,273,GBRCD,TRUE,paleoData_uncertaintyAnalytical,character,FALSE,1,0.06,GBRCD,273,0.228,57,,,,,0.11 | 0.06 | 0.02 | 0.05
paleoData_uncertaintyAnalyticalUnits,paleoData_uncertaintyAnalyticalUnits,compilation,,,,,,only GBRCD; in convo but unadopted,,,273,GBRCD,TRUE,paleoData_uncertaintyAnalyticalUnits,character,FALSE,1,0.06,GBRCD,273,0.228,3,,,,,permil | mmol/mol | %
paleoData_variableType,paleoData_variableType,compilation,,,,,,only hydroclimate2k; in convo but unadopted,,variableType,,,TRUE,,,,1,0.06,hydroclimate2k,4378,0.883,10,,,,,
pub*_altDataURL,pub1_altDataURL,compilation,,,,,,only GBRCD; in convo but unadopted,,,418,GBRCD,TRUE,pub1_altDataURL,character,TRUE,1,0.06,GBRCD,418,0.349,12,,,,,https://bg.copernicus.org/articles/12/1223/2015/bg-12-1223-2015-supplement.pdf | 10.17632/ww8mvgzymf.1 | 10.25911/5d778a502c764 | https://researchonline.jcu.edu.au/1347/
pub*_altDataURL,pub2_altDataURL,compilation,,,,,,only GBRCD; in convo but unadopted,,,152,GBRCD,TRUE,pub2_altDataURL,character,TRUE,1,0.06,GBRCD,152,0.127,8,,,,,10.17632/jj2ttcsggx.1 | 10.25921/e1x8-m454 | 10.25911/5d778a502c764 | https://researchonline.jcu.edu.au/1347/
pub*_altDataUrl,pub3_altDataUrl,compilation,,,,,,only GBRCD; in convo but unadopted,,,26,GBRCD,TRUE,pub3_altDataUrl,character,TRUE,1,0.06,GBRCD,26,0.022,2,,,,,10.25921/zmax-x645 | https://ars.els-cdn.com/content/image/1-s2.0-S0012821X19304856-mmc1.docx
pub*_author,pub2_author,compilation,,,,,,only GBRCD; in convo but unadopted,,pub2_authors,,,TRUE,,,,1,0.06,GBRCD,379,0.316,23,,,,,
pub*_author,pub3_author,compilation,,,,,,only GBRCD; in convo but unadopted,,pub3_authors,,,TRUE,,,,1,0.06,GBRCD,50,0.042,8,,,,,
pub*_citation,pub3_citation,compilation,,,,,,only GBRCD; in convo but unadopted,,,50,GBRCD,TRUE,pub3_citation,character,TRUE,1,0.06,GBRCD,50,0.042,8,,,,,"Druffel, E.R.M. and Griffin, S. (1993), 'Large variations of surface ocean radiocarbon: evidence of circulation changes in the southwestern Pacific', Journal of Geophysical Research, 98 (C11), 20246-20259, 10.1029/93JC02113. | Gagan, M.K., Chivas, A.R. & Isdale, P.J. (1994), 'High-resolution isotopic records from corals using ocean temperature and mass-spawning chronometers', Earth and Planetary Science Letters, 121, no. 3, 549-558, 10.1016/0012-821X(94)90090-6. | Leonard, N.D., Welsh, K.J., Lough, J.M., Feng, Y.x., Pandolfi, J.M., Clark, T.R. & Zhao, J.x. (2016), 'Evidence of reduced mid-Holocene ENSO variance on the Great Barrier Reef, Australia', Paleoceanography, 31, no. 9, 1248-1260, 10.1002/2016PA002967. | D'Olivo, J.P. & McCulloch, M. (2022), 'Impact of European settlement and land use changes on Great Barrier Reef river catchments reconstructed from long-term coral Ba/Ca records', Science of the Total Environment, 830, 154461, 10.1016/j.scitotenv.2022.154461."
pub*_doi,pub3_doi,compilation,,,,,,only CoralHydro2k;GBRCD; in convo but unadopted,,,76,CoralHydro2k;GBRCD,TRUE,pub3_doi,character,TRUE,2,0.11,CoralHydro2k;GBRCD,76,0.051,8,,,,,10.1016/j.palaeo.2016.10.022 | 10.1016/j.palaeo.2011.05.005 | 10.2112/SI63-003.1 | https://dspace.mit.edu/handle/1721.1/40969
pub*_doiData,pub1_doiData,compilation,,,,,,only GBRCD; in convo but unadopted,,,1199,GBRCD,TRUE,pub1_doiData,character,TRUE,1,0.06,GBRCD,1199,1,59,,,,,10.25921/ddhn-hf49 | 10.25921/hqxk-8h74 | 10.25921/nycg-vp29 | 10.25921/qkph-pf51
pub*_firstAuthor,pub1_firstAuthor,compilation,,,,,,only GBRCD; in convo but unadopted,,,1199,GBRCD,TRUE,pub1_firstAuthor,character,TRUE,1,0.06,GBRCD,1199,1,33,,,,,"Alibert, C. | Arzey, A. K. | Brenner, L. D. | Calvo E."
pub*_firstAuthor,pub2_firstAuthor,compilation,,,,,,only GBRCD; in convo but unadopted,,,379,GBRCD,TRUE,pub2_firstAuthor,character,TRUE,1,0.06,GBRCD,379,0.316,19,,,,,"Alibert, C. | Chakraborty, S. | Wang, Z. | Chen, X."
pub*_firstAuthor,pub3_firstAuthor,compilation,,,,,,only GBRCD; in convo but unadopted,,,50,GBRCD,TRUE,pub3_firstAuthor,character,TRUE,1,0.06,GBRCD,50,0.042,8,,,,,"Druffel, E. R. M. | Gagan, M.K. | Leonard, N. J. | D'Olivo, J. P."
pub*_journal,pub2_journal,compilation,,,,,,only GBRCD; in convo but unadopted,,,379,GBRCD,TRUE,pub2_journal,character,TRUE,1,0.06,GBRCD,379,0.316,16,,,,,Paleoceanography | Journal of Earth System Science | Geochimica et Cosmochimica Acta | Paleoceanography and Paleoclimatology
pub*_journal,pub3_journal,compilation,,,,,,only GBRCD; in convo but unadopted,,,50,GBRCD,TRUE,pub3_journal,character,TRUE,1,0.06,GBRCD,50,0.042,7,,,,,Journal of Geophysical Research | Earth and Planetary Science Letters | Paleoceanography | Science of the Total Environment
pub*_title,pub2_title,compilation,,,,,,only GBRCD; in convo but unadopted,,,379,GBRCD,TRUE,pub2_title,character,TRUE,1,0.06,GBRCD,379,0.316,23,,,,,Strontium/calcium ratios in modern Porites corals From the Great Barrier Reef as a proxy for sea surface temperature: Calibration of the thermometer and monitoring of ENSO | Effect of intraband variability on stable isotope and density time series obtained from banded corals | Biologically controlled Mo isotope fractionation in coral reef systems | A Replication Study on Coral δ11B and B/Ca and Their Variation in Modern and Fossil Porites: Implications for Coral Calcifying Fluid Chemistry and Seawater pH Changes Over the Last Millennium
pub*_title,pub3_title,compilation,,,,,,only GBRCD; in convo but unadopted,,,50,GBRCD,TRUE,pub3_title,character,TRUE,1,0.06,GBRCD,50,0.042,8,,,,,"Large variations of surface ocean radiocarbon: evidence of circulation changes in the southwestern Pacific | High-resolution isotopic records from corals using ocean temperature and mass-spawning chronometers | Evidence of reduced mid-Holocene ENSO variance on the Great Barrier Reef, Australia | Impact of European settlement and land use changes on Great Barrier Reef river catchments reconstructed from long-term coral Ba/Ca records"
pub*_year,pub2_year,compilation,,,,,,only GBRCD; in convo but unadopted,,,379,GBRCD,TRUE,pub2_year,numeric,TRUE,1,0.06,GBRCD,379,0.316,16,,,,,1997 | 2000 | 2019 | 2021
pub*_year,pub3_year,compilation,,,,,,only GBRCD; in convo but unadopted,,,50,GBRCD,TRUE,pub3_year,numeric,TRUE,1,0.06,GBRCD,50,0.042,8,,,,,1993 | 1994 | 2016 | 2022
Has chronology data,Has chronology data,synonym,hasChron,,,,,convo maps this QC column to canonical 'hasChron',,,1031,iso2k,TRUE,hasChron,character,TRUE,0,0,,0,0,0,,,,,1 | 0
Has paleo depth data,Has paleo depth data,synonym,hasDepth,,,,,convo maps this QC column to canonical 'hasDepth',,,1031,iso2k,TRUE,hasDepth,character,TRUE,0,0,,0,0,0,,,,,1 | 0
Iso2k QC certification (INITIALS),Iso2k QC certification (INITIALS),synonym,paleoData_iso2kCertification,,,,,convo maps this QC column to canonical 'paleoData_iso2kCertification',,,727,iso2k,TRUE,paleoData_iso2kCertification,character,FALSE,0,0,,0,0,0,,,,,"BK 12/31/2019 | MJ | DMT (1/14/19) | DMT (1/14/19; updated 12/31/19), KLD"
Iso2k primary timeseries for dataset,Iso2k primary timeseries for dataset,synonym,paleoData_iso2kPrimaryTimeseries,,,,,convo maps this QC column to canonical 'paleoData_iso2kPrimaryTimeseries',,,1022,iso2k,TRUE,paleoData_iso2kPrimaryTimeseries,character,FALSE,0,0,,0,0,0,,,,,FALSE | TRUE | DUPLICATE? | DUPLICATE
Link to LiPDverse,Link to LiPDverse,synonym,link to lipdverse,,,,,normalises to convo term 'link to lipdverse',,,0,HoloceneAbruptChange,FALSE,,,,1,0.06,HoloceneAbruptChange,0,0,0,,,,,
QC Certification,QC Certification,synonym,paleoData_QCCertification,,,,,convo maps this QC column to canonical 'paleoData_QCCertification',165 substantive cross-compilation conflicts,,16117,CoralHydro2k;FreeSoda;HoloceneAbruptChange;HoloceneHydroclimate;Hydro21k;iso2k;LakeStatus21k;NAm21k-noPollen;Nam2kDendro;Pages2kTemperature;PalMod;RapidArcticWarming;SISAL-LiPD;Temp24k;test,TRUE,paleoData_QCCertification,character,FALSE,0,0,,0,0,0,4770,166,165,0.0348,"PMS | PMS, OC | DSK, PMS, AdV | RSV,PMS, AAC"
QC comments,QC comments,synonym,paleoData_QCnotes,,,,,convo maps this QC column to canonical 'paleoData_QCnotes',58 substantive cross-compilation conflicts,,11357,CoralHydro2k;FreeSoda;GBRCD;HoloceneAbruptChange;HoloceneHydroclimate;Hydro21k;iso2k;LakeStatus21k;NAm21k-noPollen;Nam2kDendro;Pages2kTemperature;PalMod;RapidArcticWarming;SISAL-LiPD;Temp24k;test,TRUE,paleoData_QCnotes,character,FALSE,0,0,,0,0,0,3712,77,58,0.0207,"there is also an August SST | defer to BAY recalibrated | fails age control (one 4400 year gap), but otherwise solid age model- keep | fails age control (one 4400 year gap), but otherwise solid age model- keep; missing origional UK37 data (no Bayesian recalibration)"
QC notes from Hackathon #2 (and initials),QC notes from Hackathon #2 (and initials),synonym,paleoData_iso2kHackathonNotes,,,,,convo maps this QC column to canonical 'paleoData_iso2kHackathonNotes',,,384,iso2k,TRUE,paleoData_iso2kHackathonNotes,character,FALSE,0,0,,0,0,0,,,,,"isotope interpretation 1 should be P_isotope? and move ""precipitation amount"" to climate fields. -BK | this is the d13C data so not needed | Missing ""isotope interpretation1,2,3"" fields. -BK DMT: Resolved 1/14 | Missing ""isotope interpreation1,2,3"" fields -BK DMT: fixed 1/14"
Remaining issues,Remaining issues,synonym,paleoData_QCRemainingIssues,,,,,convo maps this QC column to canonical 'paleoData_QCRemainingIssues',,,4,FreeSoda;LakeStatus21k;NAm21k-noPollen;Nam2kDendro;PalMod;Temp24k;test,TRUE,paleoData_QCRemainingIssues,character,FALSE,0,0,,0,0,0,,,,,"LJ: unclear origin of data. I think the Mg/Ca data are from Koutavas, A., J. Lynch‐Stieglitz, T. M. Marchitto Jr., and J. P. Sachs, El Nino‐like pattern in ice age tropical Pacific sea surface temperature, Science, 297, 226–230, 2002. Not sure where the alkenone concentration data are from and whether an SST estimate based on alkenones also exists | OC accepted all the records for this lipd file based on available age model | OC accepted all the records for this lipd file based on available age model; age model not displayed here in the file"
basis,basis,synonym,climateInterpretation1_basis,,,,,convo maps this QC column to canonical 'climateInterpretation1_basis',,,442,hydroclimate2k;RapidArcticWarming,TRUE,climateInterpretation1_basis,character,FALSE,0,0,,0,0,0,1,0,0,0,"The annual variability of the Bunaken coral d18O refects the seasonal cycle of both salinity and temperature in the surrounding seawater | Interannual variability in the MS01 coral d18O for 1910a€“ 1997 is clearly dominated by changes in d18Ow because SSTs reconstructed from the coral d18O span 5C [Gagan et al., 1998], while the GOSTA SST range is only 1C (Figure 1). Comparison of local SSTs and rainfall with the coral d18O record shows that d18O increases when SST and rainfall decrease during El NinEœo events | The average interannual ?18O variability at Tobago represents a ?SST of ~1.0i¿½C from one year to the next, about 3.5 times the instrumental ?SST value. This disagreement implies that there are significant interannual changes in salinity responsible for the ?18O of the corals from Tobago. | interannual d18OSW variations can largely be explained by months-long changes in precipitation minus evaporation and zonal advection"
climateCorrelation,climateCorrelation,synonym,paleoData_climateCorrelation,,,,,convo maps this QC column to canonical 'paleoData_climateCorrelation',,,1837,Nam2kDendro,TRUE,paleoData_climateCorrelation,numeric,FALSE,0,0,,0,0,0,,,,,0.0788 | 0.1017 | 0.1918 | 0.0985
climateCorrelationPval,climateCorrelationPval,synonym,paleoData_climateCorrelationPval,,,,,convo maps this QC column to canonical 'paleoData_climateCorrelationPval',,,1837,Nam2kDendro,TRUE,paleoData_climateCorrelationPval,numeric,FALSE,0,0,,0,0,0,,,,,0.479 | 0.3601 | 0.0824 | 0.3756
climateVariable,climateVariable,synonym,climateInterpretation1_variable,,,,,convo maps this QC column to canonical 'climateInterpretation1_variable',117 substantive cross-compilation conflicts,,211446,FreeSoda;GBRCD;HoloceneAbruptChange;HoloceneHydroclimate;Hydro21k;hydroclimate2k;LakeStatus21k;LegacyClimate-LiPD;NAm21k-noPollen;Nam2kDendro;Pages2kTemperature;PalMod;RapidArcticWarming;SISAL-LiPD;Temp24k;test,TRUE,climateInterpretation1_variable,character,FALSE,0,0,,0,0,0,69052,117,117,0.0017,temperature | precipitation | effectivePrecipitation | seaIce
climateVariableDetail,climateVariableDetail,synonym,climateInterpretation1_variableDetail,,,,,convo maps this QC column to canonical 'climateInterpretation1_variableDetail',24 substantive cross-compilation conflicts,,155899,FreeSoda;HoloceneHydroclimate;Hydro21k;hydroclimate2k;LakeStatus21k;LegacyClimate-LiPD;NAm21k-noPollen;Nam2kDendro;Pages2kTemperature;PalMod;RapidArcticWarming;SISAL-LiPD;Temp24k;test,TRUE,climateInterpretation1_variableDetail,character,FALSE,0,0,,0,0,0,67833,24,24,4e-4,@surface | air@surface | precipitation@surface | amount@surface
coralHydro2kGroup,coralHydro2kGroup,synonym,paleoData_coralHydro2kGroup,,,,,convo maps this QC column to canonical 'paleoData_coralHydro2kGroup',,,304,CoralHydro2k,TRUE,paleoData_coralHydro2kGroup,numeric,FALSE,0,0,,0,0,0,,,,,4 | 6 | 3 | 2
coreName,coreName,synonym,paleoData_coreName,,,,,convo maps this QC column to canonical 'paleoData_coreName',,,281,CoralHydro2k;hydroclimate2k,TRUE,paleoData_coreName,character,FALSE,0,0,,0,0,0,,,,,"composite of: PG01-A-2,2b; TN99-A-4; TM01-A-10 | SW12-C-1 | TT01-A-1b | SI94-A-6"
countryOcean,countryOcean,synonym,geo_gcmdLocation,,,,,convo maps this QC column to canonical 'geo_gcmdLocation',22 substantive cross-compilation conflicts,,185726,FreeSoda;HoloceneHydroclimate;Hydro21k;LakeStatus21k;LegacyClimate-LiPD;NAm21k-noPollen;RapidArcticWarming;SISAL-LiPD;Temp24k;test,TRUE,geo_gcmdLocation,character,TRUE,0,0,,0,0,0,80435,22,22,3e-4,Africa>Eastern Africa>Ethiopia | Europe>Eastern Europe>Russian Federation | Indian Ocean | North America>United States Of America>Minnesota
datum,datum,synonym,paleoData_datum,,,,,convo maps this QC column to canonical 'paleoData_datum',3 substantive cross-compilation conflicts,,232663,FreeSoda;GBRCD;HoloceneAbruptChange;HoloceneHydroclimate;Hydro21k;LakeStatus21k;LegacyClimate-LiPD;NAm21k-noPollen;PalMod;RapidArcticWarming;SISAL-LiPD;Temp24k;test,TRUE,paleoData_datum,character,FALSE,0,0,,0,0,0,75689,3,3,0,abs | 1950 | VSMOW | PDB
description,description,synonym,paleoData_description,,,,,convo maps this QC column to canonical 'paleoData_description',1 substantive cross-compilation conflicts,,6528,GBRCD;hydroclimate2k;iso2k,TRUE,paleoData_description,character,FALSE,0,0,,0,0,0,715,1,1,0.0014,"Strontium/Calcium | Distance measured from outer edge of coral or core. | Barium | Barium/Calcium. 
 For laser ablation datasets this is a measure of the total Ba/Ca using the count intensities of the Ba137 isotope."
direction,direction,synonym,climateInterpretation1_direction,,,,,convo maps this QC column to canonical 'climateInterpretation1_direction',14 substantive cross-compilation conflicts,,211038,FreeSoda;HoloceneAbruptChange;HoloceneHydroclimate;Hydro21k;hydroclimate2k;LakeStatus21k;LegacyClimate-LiPD;NAm21k-noPollen;Nam2kDendro;Pages2kTemperature;PalMod;RapidArcticWarming;SISAL-LiPD;Temp24k;test,TRUE,climateInterpretation1_direction,character,FALSE,0,0,,0,0,0,68817,14,14,2e-4,positive | negative
dynamicalSystem,dynamicalSystem,synonym,climateInterpretation1_dynamical,,,,,convo maps this QC column to canonical 'climateInterpretation1_dynamical',,,11,hydroclimate2k,TRUE,climateInterpretation1_dynamical,character,FALSE,0,0,,0,0,0,,,,,PDO | Pacific Decadal Oscillation | ENSO/PDO | ENSO/PDO/NAM
elevation,elevation,synonym,geo_elevation,,,,,convo maps this QC column to canonical 'geo_elevation',30 substantive cross-compilation conflicts,,290025,CoralHydro2k;FreeSoda;GBRCD;HoloceneAbruptChange;HoloceneHydroclimate;Hydro21k;hydroclimate2k;iso2k;LakeStatus21k;LegacyClimate-LiPD;NAm21k-noPollen;Nam2kDendro;Pages2kTemperature;PalMod;RapidArcticWarming;SISAL-LiPD;Temp24k;test,TRUE,geo_elevation,numeric,TRUE,0,0,,0,0,0,82055,30,30,4e-4,-6 | -0.5 | -0.7 | -7
hasUncertainty,hasUncertainty,synonym,paleoData_hasUncertainty,,,,,convo maps this QC column to canonical 'paleoData_hasUncertainty',,,7,CoralHydro2k,TRUE,paleoData_hasUncertainty,character,FALSE,0,0,,0,0,0,,,,,AL16PUR01_SrCaUncertainty | AL16PUR02_SrCaUncertainty | AL16YUC01_SrCaUncertainty | BO14HTI01_SrCaUncertainty
hydroclimate 2k Certification,hydroclimate 2k Certification,synonym,paleoData_hydroclimate2kCertification,,,,,convo maps this QC column to canonical 'paleoData_hydroclimate2kCertification',,,142,hydroclimate2k,TRUE,paleoData_hydroclimate2kCertification,character,FALSE,0,0,,0,0,0,,,,,GF | KG | LA - revised Iso2k metadata | KE
inCompilation,inCompilation,synonym,paleoData_inCompilation,,,,,convo maps this QC column to canonical 'paleoData_inCompilation',2 substantive cross-compilation conflicts,,1622,FreeSoda;LakeStatus21k;Temp24k;test,TRUE,paleoData_inCompilation,character,FALSE,0,0,,0,0,0,20,2,2,0.1,Temp12k | Tverse | Arc2k_v1.1.1 | PAGES2k_v2.0.0
inThisCompilation,inThisCompilation,synonym,inCompilationBeta_struct,,,,,convo maps this QC column to canonical 'inCompilationBeta_struct',608 substantive cross-compilation conflicts,,34287,CoralHydro2k;FreeSoda;GBRCD;HoloceneAbruptChange;HoloceneHydroclimate;Hydro21k;hydroclimate2k;iso2k;LakeStatus21k;LegacyClimate-LiPD;NAm21k-noPollen;Nam2kDendro;Pages2kTemperature;PalMod;RapidArcticWarming;SISAL-LiPD;Temp24k;test,TRUE,inCompilationBeta_struct,inCompilation,FALSE,0,0,,0,0,0,8051,608,608,0.0755,TRUE
inferredMaterial,inferredMaterial,synonym,paleoData_inferredMaterial,,,,,convo maps this QC column to canonical 'paleoData_inferredMaterial',8 substantive cross-compilation conflicts,,3099,hydroclimate2k;iso2k,TRUE,paleoData_inferredMaterial,character,FALSE,0,0,,0,0,0,579,8,8,0.0138,surface seawater | sea water | precipitation | lake water
isComposite,isComposite,synonym,paleoData_isComposite,,,,,convo maps this QC column to canonical 'paleoData_isComposite',,,304,CoralHydro2k,TRUE,paleoData_isComposite,character,FALSE,0,0,,0,0,0,,,,,1 | 0
iso2kUI,iso2kUI,synonym,paleoData_iso2kUI,,,,,convo maps this QC column to canonical 'paleoData_iso2kUI',,,1411,hydroclimate2k;iso2k,TRUE,paleoData_iso2kUI,character,FALSE,0,0,,0,0,0,601,0,0,0,CO03CHBA01A | CO03CHBU01A | CO04MGNG01A | CO06MOPE01A
isotopeInterpretation*_equilibriumEvidence,isotopeInterpretation1_equilibriumEvidence,synonym,paleoData_equilibriumEvidence,,,,,convo maps this QC column to canonical 'paleoData_equilibriumEvidence',,,136,iso2k,TRUE,paleoData_equilibriumEvidence,character,FALSE,0,0,,0,0,0,,,,,"Core-top d18O values for ostracods and gastropods are close to calculated equilibrium values for calcite and aragonite, respectively | Comparison with lake water d18O | comparison of theoretical carbaontes precipitated from modern waters | Using Leng and Marshall's (2004) expression of Kim and O'Neil's (1997) equation, the surface sediment 18O value of 6.2? (core top taken in 1999) and 18O water of 8.1? (average between 1997 and 2001, Table 2) suggests precipitation temperatures of around 23C, higher than the measured mean annual air temperature of 18C."
lat,lat,synonym,geo_latitude,,,,,convo maps this QC column to canonical 'geo_latitude',58 substantive cross-compilation conflicts,,297030,CoralHydro2k;FreeSoda;GBRCD;HoloceneAbruptChange;HoloceneHydroclimate;Hydro21k;hydroclimate2k;iso2k;LakeStatus21k;LegacyClimate-LiPD;NAm21k-noPollen;Nam2kDendro;Pages2kTemperature;PalMod;RapidArcticWarming;SISAL-LiPD;Temp24k;test,TRUE,geo_latitude,numeric,TRUE,0,0,,0,0,0,84056,58,58,7e-4,-0.13 | -6.53 | -3.18 | -2.37
link to lipdverse,link to lipdverse,synonym,lipdverseLink,,,,,convo maps this QC column to canonical 'lipdverseLink',25269 substantive cross-compilation conflicts,,230266,CoralHydro2k;FreeSoda;GBRCD;HoloceneHydroclimate;Hydro21k;hydroclimate2k;iso2k;LakeStatus21k;LegacyClimate-LiPD;NAm21k-noPollen;Nam2kDendro;Pages2kTemperature;PalMod;RapidArcticWarming;SISAL-LiPD;Temp24k;test,TRUE,lipdverseLink,character,TRUE,0,0,,0,0,0,82351,25269,25269,0.3068,https://lipdverse.org/data/ch2kAB08MEN01/1_0_3 | https://lipdverse.org/data/ch2kAB15BHB01/1_0_3 | https://lipdverse.org/data/ch2kAB20MEN01/1_0_3 | https://lipdverse.org/data/ch2kAB20MEN02/1_0_3
lon,lon,synonym,geo_longitude,,,,,convo maps this QC column to canonical 'geo_longitude',58 substantive cross-compilation conflicts,,297030,CoralHydro2k;FreeSoda;GBRCD;HoloceneAbruptChange;HoloceneHydroclimate;Hydro21k;hydroclimate2k;iso2k;LakeStatus21k;LegacyClimate-LiPD;NAm21k-noPollen;Nam2kDendro;Pages2kTemperature;PalMod;RapidArcticWarming;SISAL-LiPD;Temp24k;test,TRUE,geo_longitude,numeric,TRUE,0,0,,0,0,0,84056,58,58,7e-4,98.52 | 105.63 | 100.517 | 99.745
meanHoloceneValue,meanHoloceneValue,synonym,paleoData_meanValue12k,,,,,convo maps this QC column to canonical 'paleoData_meanValue12k',15 substantive cross-compilation conflicts,,176183,FreeSoda;HoloceneHydroclimate;Hydro21k;LakeStatus21k;LegacyClimate-LiPD;NAm21k-noPollen;PalMod;Temp24k;test,TRUE,paleoData_meanValue12k,numeric,FALSE,0,0,,0,0,0,76396,15,15,2e-4,2.65631068 | 20.4961165 | 1.12962963 | 4.218153846
measurementMaterial,measurementMaterial,synonym,paleoData_measurementMaterial,,,,,convo maps this QC column to canonical 'paleoData_measurementMaterial',1 substantive cross-compilation conflicts,,2252,hydroclimate2k;iso2k,TRUE,paleoData_measurementMaterial,character,FALSE,0,0,,0,0,0,637,1,1,0.0016,coral | Sr/Ca | seawater | d18O
measurementMaterialDetail,measurementMaterialDetail,synonym,paleoData_measurementMaterialDetail,,,,,convo maps this QC column to canonical 'paleoData_measurementMaterialDetail',3 substantive cross-compilation conflicts,,921,hydroclimate2k;iso2k,TRUE,paleoData_measurementMaterialDetail,character,FALSE,0,0,,0,0,0,365,3,3,0.0082,aragonite | d18Oseawater calculated from d18O and Sr/Ca | PC1 | PC2
medianHoloceneResolution,medianHoloceneResolution,synonym,paleoData_medianRes12k,,,,,convo maps this QC column to canonical 'paleoData_medianRes12k',52 substantive cross-compilation conflicts,,242607,FreeSoda;HoloceneAbruptChange;HoloceneHydroclimate;Hydro21k;LakeStatus21k;LegacyClimate-LiPD;NAm21k-noPollen;RapidArcticWarming;Temp24k;test,TRUE,paleoData_medianRes12k,numeric,FALSE,0,0,,0,0,0,79794,52,52,7e-4,0.15 | 2.43 | 2.12 | 0.31
mostRecentCompilations,mostRecentCompilations,synonym,paleoData_mostRecentCompilations,,,,,convo maps this QC column to canonical 'paleoData_mostRecentCompilations',3091 substantive cross-compilation conflicts,,19047,FreeSoda;HoloceneAbruptChange;hydroclimate2k;LakeStatus21k;LegacyClimate-LiPD;NAm21k-noPollen;Nam2kDendro;Pages2kTemperature;PalMod;RapidArcticWarming;Temp24k,TRUE,paleoData_mostRecentCompilations,character,FALSE,0,0,,0,0,0,4682,3091,3091,0.6602,"Temp12k-1_2_0 | Temp12k-1_0_2 | wNAm-1_0_0, Temp12k-1_2_0 | wNAm-1_0_0"
nominalResolution,nominalResolution,synonym,hasResolution_nominal,,,,,convo maps this QC column to canonical 'hasResolution_nominal',,,285,CoralHydro2k,TRUE,hasResolution_nominal,character,FALSE,0,0,,0,0,0,,,,,monthly | bimonthly_uneven | monthly_uneven | quarterly_uneven
ocean,ocean,synonym,geo_ocean,,,,,convo maps this QC column to canonical 'geo_ocean',,,304,CoralHydro2k,TRUE,geo_ocean,character,TRUE,0,0,,0,0,0,,,,,Indian Ocean | Atlantic Ocean | Pacific Ocean | Red Sea
ocean2,ocean2,synonym,geo_ocean2,,,,,convo maps this QC column to canonical 'geo_ocean2',,,100,CoralHydro2k,TRUE,geo_ocean2,character,TRUE,0,0,,0,0,0,,,,,Caribbean Sea | Gulf of Mexico | South China Sea | Indonesian Seas
paleoDataNotes,paleoDataNotes,synonym,paleoData_notes,,,,,convo maps this QC column to canonical 'paleoData_notes',146 substantive cross-compilation conflicts,,173329,CoralHydro2k;FreeSoda;GBRCD;HoloceneAbruptChange;HoloceneHydroclimate;Hydro21k;LakeStatus21k;LegacyClimate-LiPD;NAm21k-noPollen;Nam2kDendro;Pages2kTemperature;PalMod;RapidArcticWarming;Temp24k;test,TRUE,paleoData_notes,character,FALSE,0,0,,0,0,0,54985,157,146,0.0029,"Composite of three cores: PG01-A-2, TN99-A-4, TM01-A-10. | monthly correlations not reported, instead used IOD season | Note: Length of coral record increased for Abram et al., 2020 publication relative to Abram et al., 2015 | Note: Chronology of coral updated for Abram et al., 2020 publication relative to Gagan et al., 2015"
primaryTimeseries,primaryTimeseries,synonym,paleoData_primaryTimeseries,,,,,convo maps this QC column to canonical 'paleoData_primaryTimeseries',,,139455,FreeSoda;HoloceneAbruptChange;hydroclimate2k;LegacyClimate-LiPD;NAm21k-noPollen;Nam2kDendro;PalMod;SISAL-LiPD;Temp24k,TRUE,paleoData_primaryTimeseries,character,FALSE,0,0,,0,0,0,56004,0,0,0,FALSE | TRUE
proxy,proxy,synonym,paleoData_proxy,,,,,convo maps this QC column to canonical 'paleoData_proxy',30 substantive cross-compilation conflicts,,214866,FreeSoda;GBRCD;HoloceneAbruptChange;HoloceneHydroclimate;Hydro21k;hydroclimate2k;LakeStatus21k;LegacyClimate-LiPD;NAm21k-noPollen;Nam2kDendro;Pages2kTemperature;PalMod;RapidArcticWarming;SISAL-LiPD;Temp24k;test,TRUE,paleoData_proxy,character,FALSE,0,0,,0,0,0,69930,30,30,4e-4,foraminifera | n-alkane | Mg/Ca | sedimentation rate
proxyDetail,proxyDetail,synonym,paleoData_proxyDetail,,,,,convo maps this QC column to canonical 'paleoData_proxyDetail',1 substantive cross-compilation conflicts,,175996,FreeSoda;HoloceneAbruptChange;HoloceneHydroclimate;Hydro21k;LakeStatus21k;LegacyClimate-LiPD;NAm21k-noPollen;PalMod;RapidArcticWarming;SISAL-LiPD;Temp24k;test,TRUE,paleoData_proxyDetail,character,FALSE,0,0,,0,0,0,57849,4,1,1e-4,planktic foraminifera calcite | assemblage | planktic foraminifera assemblage | bulk sediment
proxyGeneral,proxyGeneral,synonym,paleoData_proxyGeneral,,,,,convo maps this QC column to canonical 'paleoData_proxyGeneral',13636 substantive cross-compilation conflicts,,213386,FreeSoda;HoloceneAbruptChange;HoloceneHydroclimate;Hydro21k;LakeStatus21k;LegacyClimate-LiPD;NAm21k-noPollen;Nam2kDendro;PalMod;RapidArcticWarming;SISAL-LiPD;Temp24k;test,TRUE,paleoData_proxyGeneral,character,FALSE,0,0,,0,0,0,69733,13636,13636,0.1955,other microfossil | Mg/Ca | alkenone | pollen
pub*_authors,pub1_authors,synonym,pub1_author,,,,,convo maps this QC column to canonical 'pub1_author',25 substantive cross-compilation conflicts,,192259,CoralHydro2k;FreeSoda;GBRCD;HoloceneHydroclimate;Hydro21k;LakeStatus21k;LegacyClimate-LiPD;NAm21k-noPollen;Nam2kDendro;RapidArcticWarming;SISAL-LiPD;Temp24k;test,TRUE,pub1_author,author,TRUE,0,0,,0,0,0,74862,514,25,0.0069,"Abram, N. J., Gagan, M. K., Cole, J. E., Hantoro, W. S. and Mudelsee, M. | Abram, N. J., Dixon, B. C., Rosevear, M. G., Plunkett, B., Gagan, M. K., Hantoro, W. S. and Phipps, S. J. | Abram, N.J., Wright, N.M., Ellis, B., Dixon, B. C., Wurtzel, J. B., England, M. H., Ummenhofer, C. C., Philibosian, B., Cahyarini, S. Y., Yu, T.-L., Shen, C.-C., Cheng, H., Edwards, R. L. and Heslop, D. | Alpert, A. E., Cohen, A. L., Oppo, D. W., DeCarlo, T. M., Gaetani, G. A., Hernandez-Delgado, E. A., Winter, A. and Gonneea, M. E."
pub*_authors,pub2_authors,synonym,pub2_author,,,,,convo maps this QC column to canonical 'pub2_author',,,379,GBRCD,TRUE,pub2_author,author,TRUE,0,0,,0,0,0,,,,,"Alibert, C. & McCulloch, M.T. | Chakraborty, S., Ramesh, R. & Lough, J.M. | Wang, Z., Li, J., Wei, G., Deng, W., Chen, X., Zeng, T., Wang, X., Ma, J., Zhang, L., Tu, X., Wang, Q. & McCulloch, M. | Chen, X., Deng, W., Kang, H., Zeng, T., Zhang, L., Zhao, J.-x. & Wei, G."
pub*_authors,pub3_authors,synonym,pub3_author,,,,,convo maps this QC column to canonical 'pub3_author',,,50,GBRCD,TRUE,pub3_author,author,TRUE,0,0,,0,0,0,,,,,"Druffel, E.R.M. & Griffin, S. | Gagan, M.K., Chivas, A.R. & Isdale, P.J. | Leonard, N.D., Welsh, K.J., Lough, J.M., Feng, Y.x., Pandolfi, J.M., Clark, T.R. & Zhao, J.x. | D'Olivo, J.P. & McCulloch, M."
seasonGeneral,seasonGeneral,synonym,climateInterpretation1_seasonalityGeneral,,,,,convo maps this QC column to canonical 'climateInterpretation1_seasonalityGeneral',87 substantive cross-compilation conflicts,,207703,FreeSoda;HoloceneAbruptChange;HoloceneHydroclimate;Hydro21k;LakeStatus21k;LegacyClimate-LiPD;NAm21k-noPollen;PalMod;RapidArcticWarming;SISAL-LiPD;Temp24k;test,TRUE,climateInterpretation1_seasonalityGeneral,character,FALSE,0,0,,0,0,0,68512,559,87,0.0082,summerOnly | annual | summer+ | Annual
seasonality,seasonality,synonym,climateInterpretation1_seasonality,,,,,convo maps this QC column to canonical 'climateInterpretation1_seasonality',90 substantive cross-compilation conflicts,,207714,FreeSoda;HoloceneAbruptChange;HoloceneHydroclimate;Hydro21k;hydroclimate2k;LakeStatus21k;LegacyClimate-LiPD;NAm21k-noPollen;Nam2kDendro;Pages2kTemperature;PalMod;RapidArcticWarming;SISAL-LiPD;Temp24k;test,TRUE,climateInterpretation1_seasonality,character,FALSE,0,0,,0,0,0,67606,102,90,0.0015,May | Annual | Jul | Winter
secondarySiteName,secondarySiteName,synonym,geo_secondarySiteName,,,,,convo maps this QC column to canonical 'geo_secondarySiteName',,,197,CoralHydro2k,TRUE,geo_secondarySiteName,character,TRUE,0,0,,0,0,0,,,,,West Sumatra | Sunda Strait | Tinopo | Siruamata
sensorSpecies,sensorSpecies,synonym,paleoData_sensorSpecies,,,,,convo maps this QC column to canonical 'paleoData_sensorSpecies',,,1199,GBRCD;hydroclimate2k,TRUE,paleoData_sensorSpecies,character,FALSE,0,0,,0,0,0,,,,,Porites mayeri | Porites sp. | Isopora palifera | Porites lutea
siteName,siteName,synonym,geo_siteName,,,,,convo maps this QC column to canonical 'geo_siteName',165 substantive cross-compilation conflicts,,296967,CoralHydro2k;FreeSoda;GBRCD;HoloceneAbruptChange;HoloceneHydroclimate;Hydro21k;hydroclimate2k;iso2k;LakeStatus21k;LegacyClimate-LiPD;NAm21k-noPollen;Nam2kDendro;Pages2kTemperature;PalMod;RapidArcticWarming;SISAL-LiPD;Temp24k;test,TRUE,geo_siteName,character,TRUE,0,0,,0,0,0,84035,174,165,0.0021,"Mentawai Islands, Indonesia | Batu Hitam Beach, Indonesia | Mona Island, Puerto Rico | Pinacles Reef, Puerto Rico"
units,units,synonym,paleoData_units,,,,,convo maps this QC column to canonical 'paleoData_units',21 substantive cross-compilation conflicts,,292859,CoralHydro2k;FreeSoda;GBRCD;HoloceneAbruptChange;HoloceneHydroclimate;Hydro21k;hydroclimate2k;iso2k;LakeStatus21k;LegacyClimate-LiPD;NAm21k-noPollen;Nam2kDendro;Pages2kTemperature;PalMod;RapidArcticWarming;SISAL-LiPD;Temp24k;test,TRUE,paleoData_units,character,FALSE,0,0,,0,0,0,83451,21,21,3e-4,permil | mmol/mol | percent | months/year
variableName,variableName,synonym,paleoData_variableName,,,,,convo maps this QC column to canonical 'paleoData_variableName',205 substantive cross-compilation conflicts,,297030,CoralHydro2k;FreeSoda;GBRCD;HoloceneAbruptChange;HoloceneHydroclimate;Hydro21k;hydroclimate2k;iso2k;LakeStatus21k;LegacyClimate-LiPD;NAm21k-noPollen;Nam2kDendro;Pages2kTemperature;PalMod;RapidArcticWarming;SISAL-LiPD;Temp24k;test,TRUE,paleoData_variableName,character,FALSE,0,0,,0,0,0,84056,303,205,0.0036,d18O | SrCa | SrCaUncertainty | SrCa_annual
variableType,variableType,synonym,paleoData_variableType,,,,,convo maps this QC column to canonical 'paleoData_variableType',,,4378,hydroclimate2k,TRUE,paleoData_variableType,character,FALSE,0,0,,0,0,0,,,,,interpolated | measured | inferred | infered
agesPerKyr,agesPerKyr,standard,,global (has conflicts -- see note),,,,used by 9/18 compilations; in convo,14 substantive cross-compilation conflicts,,28073,FreeSoda;HoloceneAbruptChange;HoloceneHydroclimate;Hydro21k;LakeStatus21k;NAm21k-noPollen;RapidArcticWarming;Temp24k;test,TRUE,agesPerKyr,numeric,FALSE,9,0.5,FreeSoda;HoloceneAbruptChange;HoloceneHydroclimate;Hydro21k;LakeStatus21k;NAm21k-noPollen;RapidArcticWarming;Temp24k;test,28073,0.156,958,9762,14,14,0.0014,0.9955 | 0.5078 | 0.4645 | 0.4553
archiveType,archiveType,standard,,global (has conflicts -- see note),,,,used by 18/18 compilations; in convo,19 substantive cross-compilation conflicts,,297030,CoralHydro2k;FreeSoda;GBRCD;HoloceneAbruptChange;HoloceneHydroclimate;Hydro21k;hydroclimate2k;iso2k;LakeStatus21k;LegacyClimate-LiPD;NAm21k-noPollen;Nam2kDendro;Pages2kTemperature;PalMod;RapidArcticWarming;SISAL-LiPD;Temp24k;test,TRUE,archiveType,character,TRUE,18,1,CoralHydro2k;FreeSoda;GBRCD;HoloceneAbruptChange;HoloceneHydroclimate;Hydro21k;hydroclimate2k;iso2k;LakeStatus21k;LegacyClimate-LiPD;NAm21k-noPollen;Nam2kDendro;Pages2kTemperature;PalMod;RapidArcticWarming;SISAL-LiPD;Temp24k;test,297030,1,14,84056,262,19,0.0031,coral | MarineSediment | Coral
calibration_method,calibration_method,standard,,global (has conflicts -- see note),,,,used by 12/18 compilations; in convo,1 substantive cross-compilation conflicts,,149821,CoralHydro2k;FreeSoda;GBRCD;HoloceneHydroclimate;Hydro21k;LakeStatus21k;LegacyClimate-LiPD;NAm21k-noPollen;PalMod;RapidArcticWarming;Temp24k;test,TRUE,calibration_method,character,FALSE,12,0.67,CoralHydro2k;FreeSoda;GBRCD;HoloceneHydroclimate;Hydro21k;LakeStatus21k;LegacyClimate-LiPD;NAm21k-noPollen;PalMod;RapidArcticWarming;Temp24k;test,149821,0.789,486,66324,1,1,0,OLS | MLR | RMA | RMS
calibration_seasonality,calibration_seasonality,standard,,global (has conflicts -- see note),,,,used by 10/18 compilations; in convo,1 substantive cross-compilation conflicts,,5,FreeSoda;GBRCD;HoloceneHydroclimate;Hydro21k;LakeStatus21k;NAm21k-noPollen;PalMod;RapidArcticWarming;Temp24k;test,TRUE,calibration_seasonality,character,FALSE,10,0.56,FreeSoda;GBRCD;HoloceneHydroclimate;Hydro21k;LakeStatus21k;NAm21k-noPollen;PalMod;RapidArcticWarming;Temp24k;test,5,0,2,1,1,1,1,((( 12 1 2002 ))) null /// 12 1 2 | 12 1 2002 | 7 | annual
climateInterpretation*_direction,climateInterpretation1_direction,standard,,global,,,,used by 15/18 compilations; in convo,,direction,,,TRUE,,,,15,0.83,FreeSoda;HoloceneAbruptChange;HoloceneHydroclimate;Hydro21k;hydroclimate2k;LakeStatus21k;LegacyClimate-LiPD;NAm21k-noPollen;Nam2kDendro;Pages2kTemperature;PalMod;RapidArcticWarming;SISAL-LiPD;Temp24k;test,211038,0.717,12,,,,,
climateInterpretation*_seasonality,climateInterpretation1_seasonality,standard,,global,,,,used by 15/18 compilations; in convo,,seasonality,,,TRUE,,,,15,0.83,FreeSoda;HoloceneAbruptChange;HoloceneHydroclimate;Hydro21k;hydroclimate2k;LakeStatus21k;LegacyClimate-LiPD;NAm21k-noPollen;Nam2kDendro;Pages2kTemperature;PalMod;RapidArcticWarming;SISAL-LiPD;Temp24k;test,207714,0.705,59,,,,,
climateInterpretation*_seasonalityGeneral,climateInterpretation1_seasonalityGeneral,standard,,global,,,,used by 12/18 compilations; in convo,,seasonGeneral,,,TRUE,,,,12,0.67,FreeSoda;HoloceneAbruptChange;HoloceneHydroclimate;Hydro21k;LakeStatus21k;LegacyClimate-LiPD;NAm21k-noPollen;PalMod;RapidArcticWarming;SISAL-LiPD;Temp24k;test,207703,0.777,92,,,,,
climateInterpretation*_variable,climateInterpretation1_variable,standard,,global,,,,used by 16/18 compilations; in convo,,climateVariable,,,TRUE,,,,16,0.89,FreeSoda;GBRCD;HoloceneAbruptChange;HoloceneHydroclimate;Hydro21k;hydroclimate2k;LakeStatus21k;LegacyClimate-LiPD;NAm21k-noPollen;Nam2kDendro;Pages2kTemperature;PalMod;RapidArcticWarming;SISAL-LiPD;Temp24k;test,211446,0.715,26,,,,,
climateInterpretation*_variableDetail,climateInterpretation1_variableDetail,standard,,global,,,,used by 14/18 compilations; in convo,,climateVariableDetail,,,TRUE,,,,14,0.78,FreeSoda;HoloceneHydroclimate;Hydro21k;hydroclimate2k;LakeStatus21k;LegacyClimate-LiPD;NAm21k-noPollen;Nam2kDendro;Pages2kTemperature;PalMod;RapidArcticWarming;SISAL-LiPD;Temp24k;test,155899,0.684,120,,,,,
createdBy,createdBy,standard,,global (has conflicts -- see note),,,,used by 13/18 compilations; in convo,3 substantive cross-compilation conflicts,,220216,CoralHydro2k;FreeSoda;HoloceneHydroclimate;Hydro21k;LakeStatus21k;LegacyClimate-LiPD;NAm21k-noPollen;Nam2kDendro;PalMod;RapidArcticWarming;SISAL-LiPD;Temp24k;test,TRUE,createdBy,character,TRUE,13,0.72,CoralHydro2k;FreeSoda;HoloceneHydroclimate;Hydro21k;LakeStatus21k;LegacyClimate-LiPD;NAm21k-noPollen;Nam2kDendro;PalMod;RapidArcticWarming;SISAL-LiPD;Temp24k;test,220216,1,10,81010,3,3,0,matlab | lipd.net | L.Thoele | github.com/nickmckay/LegacyClimate2LiPD
geo_elevation,geo_elevation,standard,,global,,,,used by 18/18 compilations; in convo,,elevation,,,TRUE,,,,18,1,CoralHydro2k;FreeSoda;GBRCD;HoloceneAbruptChange;HoloceneHydroclimate;Hydro21k;hydroclimate2k;iso2k;LakeStatus21k;LegacyClimate-LiPD;NAm21k-noPollen;Nam2kDendro;Pages2kTemperature;PalMod;RapidArcticWarming;SISAL-LiPD;Temp24k;test,290025,0.976,1648,,,,,
geo_gcmdLocation,geo_gcmdLocation,standard,,global,,,,used by 10/18 compilations; in convo,,countryOcean,,,TRUE,,,,10,0.56,FreeSoda;HoloceneHydroclimate;Hydro21k;LakeStatus21k;LegacyClimate-LiPD;NAm21k-noPollen;RapidArcticWarming;SISAL-LiPD;Temp24k;test,185726,0.951,206,,,,,
geo_latitude,geo_latitude,standard,,global,,,,used by 18/18 compilations; in convo,,lat,,,TRUE,,,,18,1,CoralHydro2k;FreeSoda;GBRCD;HoloceneAbruptChange;HoloceneHydroclimate;Hydro21k;hydroclimate2k;iso2k;LakeStatus21k;LegacyClimate-LiPD;NAm21k-noPollen;Nam2kDendro;Pages2kTemperature;PalMod;RapidArcticWarming;SISAL-LiPD;Temp24k;test,297030,1,3973,,,,,
geo_longitude,geo_longitude,standard,,global,,,,used by 18/18 compilations; in convo,,lon,,,TRUE,,,,18,1,CoralHydro2k;FreeSoda;GBRCD;HoloceneAbruptChange;HoloceneHydroclimate;Hydro21k;hydroclimate2k;iso2k;LakeStatus21k;LegacyClimate-LiPD;NAm21k-noPollen;Nam2kDendro;Pages2kTemperature;PalMod;RapidArcticWarming;SISAL-LiPD;Temp24k;test,297030,1,4189,,,,,
geo_siteName,geo_siteName,standard,,global,,,,used by 18/18 compilations; in convo,,siteName,,,TRUE,,,,18,1,CoralHydro2k;FreeSoda;GBRCD;HoloceneAbruptChange;HoloceneHydroclimate;Hydro21k;hydroclimate2k;iso2k;LakeStatus21k;LegacyClimate-LiPD;NAm21k-noPollen;Nam2kDendro;Pages2kTemperature;PalMod;RapidArcticWarming;SISAL-LiPD;Temp24k;test,296967,1,4201,,,,,
inCompilationBeta_struct,inCompilationBeta_struct,standard,,global,,,,used by 18/18 compilations; in convo,,inThisCompilation,,,TRUE,,,,18,1,CoralHydro2k;FreeSoda;GBRCD;HoloceneAbruptChange;HoloceneHydroclimate;Hydro21k;hydroclimate2k;iso2k;LakeStatus21k;LegacyClimate-LiPD;NAm21k-noPollen;Nam2kDendro;Pages2kTemperature;PalMod;RapidArcticWarming;SISAL-LiPD;Temp24k;test,34287,0.115,2,,,,,
lipdverseLink,lipdverseLink,standard,,global,,,,used by 17/18 compilations; in convo,,link to lipdverse,,,TRUE,,,,17,0.94,CoralHydro2k;FreeSoda;GBRCD;HoloceneHydroclimate;Hydro21k;hydroclimate2k;iso2k;LakeStatus21k;LegacyClimate-LiPD;NAm21k-noPollen;Nam2kDendro;Pages2kTemperature;PalMod;RapidArcticWarming;SISAL-LiPD;Temp24k;test,230266,1,4731,,,,,
maxYear,maxYear,standard,,global (has conflicts -- see note),,,,used by 18/18 compilations; in convo,3211 substantive cross-compilation conflicts,,287977,CoralHydro2k;FreeSoda;GBRCD;HoloceneAbruptChange;HoloceneHydroclimate;Hydro21k;hydroclimate2k;iso2k;LakeStatus21k;LegacyClimate-LiPD;NAm21k-noPollen;Nam2kDendro;Pages2kTemperature;PalMod;RapidArcticWarming;SISAL-LiPD;Temp24k;test,TRUE,maxYear,numeric,FALSE,18,1,CoralHydro2k;FreeSoda;GBRCD;HoloceneAbruptChange;HoloceneHydroclimate;Hydro21k;hydroclimate2k;iso2k;LakeStatus21k;LegacyClimate-LiPD;NAm21k-noPollen;Nam2kDendro;Pages2kTemperature;PalMod;RapidArcticWarming;SISAL-LiPD;Temp24k;test,287977,0.97,3745,82253,3211,3211,0.039,1997.96 | 2012.375 | 2001.54167 | 1820.45833
minYear,minYear,standard,,global (has conflicts -- see note),,,,used by 18/18 compilations; in convo,3223 substantive cross-compilation conflicts,,287977,CoralHydro2k;FreeSoda;GBRCD;HoloceneAbruptChange;HoloceneHydroclimate;Hydro21k;hydroclimate2k;iso2k;LakeStatus21k;LegacyClimate-LiPD;NAm21k-noPollen;Nam2kDendro;Pages2kTemperature;PalMod;RapidArcticWarming;SISAL-LiPD;Temp24k;test,TRUE,minYear,numeric,FALSE,18,1,CoralHydro2k;FreeSoda;GBRCD;HoloceneAbruptChange;HoloceneHydroclimate;Hydro21k;hydroclimate2k;iso2k;LakeStatus21k;LegacyClimate-LiPD;NAm21k-noPollen;Nam2kDendro;Pages2kTemperature;PalMod;RapidArcticWarming;SISAL-LiPD;Temp24k;test,287977,0.97,2013,82253,3225,3223,0.0392,1858.29 | 1989.791666 | 1936.375 | 1770.79167
neotomaDatasetId,neotomaDatasetId,standard,,global,,,,used by 11/18 compilations; in convo,,,3303,FreeSoda;HoloceneHydroclimate;Hydro21k;LakeStatus21k;LegacyClimate-LiPD;NAm21k-noPollen;PalMod;RapidArcticWarming;SISAL-LiPD;Temp24k;test,TRUE,neotomaDatasetId,character,TRUE,11,0.61,FreeSoda;HoloceneHydroclimate;Hydro21k;LakeStatus21k;LegacyClimate-LiPD;NAm21k-noPollen;PalMod;RapidArcticWarming;SISAL-LiPD;Temp24k;test,3303,0.016,332,1399,0,0,0,10.21233/N35X18 | 10.21233/N31T44 | not in Neotoma | 21284
originalDataUrl,originalDataUrl,standard,,global (has conflicts -- see note),,,,used by 17/18 compilations; in convo,14168 substantive cross-compilation conflicts,,282178,CoralHydro2k;FreeSoda;GBRCD;HoloceneAbruptChange;HoloceneHydroclimate;Hydro21k;hydroclimate2k;iso2k;LakeStatus21k;LegacyClimate-LiPD;NAm21k-noPollen;Nam2kDendro;PalMod;RapidArcticWarming;SISAL-LiPD;Temp24k;test,TRUE,originalDataUrl,character,TRUE,17,0.94,CoralHydro2k;FreeSoda;GBRCD;HoloceneAbruptChange;HoloceneHydroclimate;Hydro21k;hydroclimate2k;iso2k;LakeStatus21k;LegacyClimate-LiPD;NAm21k-noPollen;Nam2kDendro;PalMod;RapidArcticWarming;SISAL-LiPD;Temp24k;test,282178,0.959,466,81602,14168,14168,0.1736,https://www.ncdc.noaa.gov/paleo/study/8607 | https://www.ncdc.noaa.gov/paleo/study/18895 | https://www.ncdc.noaa.gov/paleo/study/28451 | https://www.ncdc.noaa.gov/paleo/study/22056
otherAgesPerKyr,otherAgesPerKyr,standard,,global (has conflicts -- see note),,,,used by 9/18 compilations; in convo,6 substantive cross-compilation conflicts,,28073,FreeSoda;HoloceneAbruptChange;HoloceneHydroclimate;Hydro21k;LakeStatus21k;NAm21k-noPollen;RapidArcticWarming;Temp24k;test,TRUE,otherAgesPerKyr,character,FALSE,9,0.5,FreeSoda;HoloceneAbruptChange;HoloceneHydroclimate;Hydro21k;LakeStatus21k;NAm21k-noPollen;RapidArcticWarming;Temp24k;test,28073,0.156,404,9762,6,6,6e-4,0 | 0.08274720728 | 0.1049882766 | 0.09211920225
paleoData_QCCertification,paleoData_QCCertification,standard,,global,,,,used by 15/18 compilations; in convo,,QC Certification,,,TRUE,,,,15,0.83,CoralHydro2k;FreeSoda;HoloceneAbruptChange;HoloceneHydroclimate;Hydro21k;iso2k;LakeStatus21k;NAm21k-noPollen;Nam2kDendro;Pages2kTemperature;PalMod;RapidArcticWarming;SISAL-LiPD;Temp24k;test,16117,0.073,286,,,,,
paleoData_QCRemainingIssues,paleoData_QCRemainingIssues,standard,,global,,,,used by 7/18 compilations; in convo,,Remaining issues,,,TRUE,,,,7,0.39,FreeSoda;LakeStatus21k;NAm21k-noPollen;Nam2kDendro;PalMod;Temp24k;test,4,0,2,,,,,
paleoData_QCnotes,paleoData_QCnotes,standard,,global,,,,used by 16/18 compilations; in convo,,QC comments,,,TRUE,,,,16,0.89,CoralHydro2k;FreeSoda;GBRCD;HoloceneAbruptChange;HoloceneHydroclimate;Hydro21k;iso2k;LakeStatus21k;NAm21k-noPollen;Nam2kDendro;Pages2kTemperature;PalMod;RapidArcticWarming;SISAL-LiPD;Temp24k;test,11357,0.051,1081,,,,,
paleoData_TSid,paleoData_TSid,standard,,global,,,,used by 18/18 compilations; in convo,,TSid,,,TRUE,,,,18,1,CoralHydro2k;FreeSoda;GBRCD;HoloceneAbruptChange;HoloceneHydroclimate;Hydro21k;hydroclimate2k;iso2k;LakeStatus21k;LegacyClimate-LiPD;NAm21k-noPollen;Nam2kDendro;Pages2kTemperature;PalMod;RapidArcticWarming;SISAL-LiPD;Temp24k;test,297030,1,83877,,,,,
paleoData_datum,paleoData_datum,standard,,global,,,,used by 13/18 compilations; in convo,,datum,,,TRUE,,,,13,0.72,FreeSoda;GBRCD;HoloceneAbruptChange;HoloceneHydroclimate;Hydro21k;LakeStatus21k;LegacyClimate-LiPD;NAm21k-noPollen;PalMod;RapidArcticWarming;SISAL-LiPD;Temp24k;test,232663,0.867,18,,,,,
paleoData_inCompilation,paleoData_inCompilation,standard,,global,,,,used by 4/18 compilations; in convo,,inCompilation,,,TRUE,,,,4,0.22,FreeSoda;LakeStatus21k;Temp24k;test,1622,0.095,6,,,,,
paleoData_meanValue12k,paleoData_meanValue12k,standard,,global,,,,used by 9/18 compilations; in convo,,meanHoloceneValue,,,TRUE,,,,9,0.5,FreeSoda;HoloceneHydroclimate;Hydro21k;LakeStatus21k;LegacyClimate-LiPD;NAm21k-noPollen;PalMod;Temp24k;test,176183,0.956,72143,,,,,
paleoData_medianRes12k,paleoData_medianRes12k,standard,,global,,,,used by 10/18 compilations; in convo,,medianHoloceneResolution,,,TRUE,,,,10,0.56,FreeSoda;HoloceneAbruptChange;HoloceneHydroclimate;Hydro21k;LakeStatus21k;LegacyClimate-LiPD;NAm21k-noPollen;RapidArcticWarming;Temp24k;test,242607,0.971,1870,,,,,
paleoData_mostRecentCompilations,paleoData_mostRecentCompilations,standard,,global,,,,used by 11/18 compilations; in convo,,mostRecentCompilations,,,TRUE,,,,11,0.61,FreeSoda;HoloceneAbruptChange;hydroclimate2k;LakeStatus21k;LegacyClimate-LiPD;NAm21k-noPollen;Nam2kDendro;Pages2kTemperature;PalMod;RapidArcticWarming;Temp24k,19047,0.099,35,,,,,
paleoData_notes,paleoData_notes,standard,,global,,,,used by 15/18 compilations; in convo,,paleoDataNotes,,,TRUE,,,,15,0.83,CoralHydro2k;FreeSoda;GBRCD;HoloceneAbruptChange;HoloceneHydroclimate;Hydro21k;LakeStatus21k;LegacyClimate-LiPD;NAm21k-noPollen;Nam2kDendro;Pages2kTemperature;PalMod;RapidArcticWarming;Temp24k;test,173329,0.621,785,,,,,
paleoData_primaryTimeseries,paleoData_primaryTimeseries,standard,,global,,,,used by 9/18 compilations; in convo,,primaryTimeseries,,,TRUE,,,,9,0.5,FreeSoda;HoloceneAbruptChange;hydroclimate2k;LegacyClimate-LiPD;NAm21k-noPollen;Nam2kDendro;PalMod;SISAL-LiPD;Temp24k,139455,0.708,2,,,,,
paleoData_proxy,paleoData_proxy,standard,,global,,,,used by 16/18 compilations; in convo,,proxy,,,TRUE,,,,16,0.89,FreeSoda;GBRCD;HoloceneAbruptChange;HoloceneHydroclimate;Hydro21k;hydroclimate2k;LakeStatus21k;LegacyClimate-LiPD;NAm21k-noPollen;Nam2kDendro;Pages2kTemperature;PalMod;RapidArcticWarming;SISAL-LiPD;Temp24k;test,214866,0.727,94,,,,,
paleoData_proxyDetail,paleoData_proxyDetail,standard,,global,,,,used by 12/18 compilations; in convo,,proxyDetail,,,TRUE,,,,12,0.67,FreeSoda;HoloceneAbruptChange;HoloceneHydroclimate;Hydro21k;LakeStatus21k;LegacyClimate-LiPD;NAm21k-noPollen;PalMod;RapidArcticWarming;SISAL-LiPD;Temp24k;test,175996,0.659,2066,,,,,
paleoData_proxyGeneral,paleoData_proxyGeneral,standard,,global,,,,used by 13/18 compilations; in convo,,proxyGeneral,,,TRUE,,,,13,0.72,FreeSoda;HoloceneAbruptChange;HoloceneHydroclimate;Hydro21k;LakeStatus21k;LegacyClimate-LiPD;NAm21k-noPollen;Nam2kDendro;PalMod;RapidArcticWarming;SISAL-LiPD;Temp24k;test,213386,0.745,31,,,,,
paleoData_units,paleoData_units,standard,,global,,,,used by 18/18 compilations; in convo,,units,,,TRUE,,,,18,1,CoralHydro2k;FreeSoda;GBRCD;HoloceneAbruptChange;HoloceneHydroclimate;Hydro21k;hydroclimate2k;iso2k;LakeStatus21k;LegacyClimate-LiPD;NAm21k-noPollen;Nam2kDendro;Pages2kTemperature;PalMod;RapidArcticWarming;SISAL-LiPD;Temp24k;test,292859,0.986,74,,,,,
paleoData_variableName,paleoData_variableName,standard,,global,,,,used by 18/18 compilations; in convo,,variableName,,,TRUE,,,,18,1,CoralHydro2k;FreeSoda;GBRCD;HoloceneAbruptChange;HoloceneHydroclimate;Hydro21k;hydroclimate2k;iso2k;LakeStatus21k;LegacyClimate-LiPD;NAm21k-noPollen;Nam2kDendro;Pages2kTemperature;PalMod;RapidArcticWarming;SISAL-LiPD;Temp24k;test,297030,1,431,,,,,
pub*_author,pub1_author,standard,,global,,,,used by 13/18 compilations; in convo,,pub1_authors,,,TRUE,,,,13,0.72,CoralHydro2k;FreeSoda;GBRCD;HoloceneHydroclimate;Hydro21k;LakeStatus21k;LegacyClimate-LiPD;NAm21k-noPollen;Nam2kDendro;RapidArcticWarming;SISAL-LiPD;Temp24k;test,192259,0.89,2379,,,,,
pub*_citeKey,pub1_citeKey,standard,,global,,,,used by 7/18 compilations; in convo,,,4320,FreeSoda;LakeStatus21k;NAm21k-noPollen;RapidArcticWarming;SISAL-LiPD;Temp24k;test,TRUE,pub1_citeKey,character,TRUE,7,0.39,FreeSoda;LakeStatus21k;NAm21k-noPollen;RapidArcticWarming;SISAL-LiPD;Temp24k;test,4320,0.119,615,789,0,0,0,5VX4K5AH | JIJ4XAW3 | 555XVMXZ | J8JG62RV
pub*_doi,pub1_doi,standard,,global (has conflicts -- see note),,,,used by 18/18 compilations; in convo,3484 substantive cross-compilation conflicts,,279566,CoralHydro2k;FreeSoda;GBRCD;HoloceneAbruptChange;HoloceneHydroclimate;Hydro21k;hydroclimate2k;iso2k;LakeStatus21k;LegacyClimate-LiPD;NAm21k-noPollen;Nam2kDendro;Pages2kTemperature;PalMod;RapidArcticWarming;SISAL-LiPD;Temp24k;test,TRUE,pub1_doi,character,TRUE,18,1,CoralHydro2k;FreeSoda;GBRCD;HoloceneAbruptChange;HoloceneHydroclimate;Hydro21k;hydroclimate2k;iso2k;LakeStatus21k;LegacyClimate-LiPD;NAm21k-noPollen;Nam2kDendro;Pages2kTemperature;PalMod;RapidArcticWarming;SISAL-LiPD;Temp24k;test,279566,0.941,2336,81355,3856,3484,0.0474,10.1038/ngeo357 | 10.1002/2015PA002810 | 10.1038/s41586-020-2084-4 | 10.1002/2016PA002976
pub*_doi,pub2_doi,standard,,global (has conflicts -- see note),,,,used by 18/18 compilations; in convo,1292 substantive cross-compilation conflicts,,243452,CoralHydro2k;FreeSoda;GBRCD;HoloceneAbruptChange;HoloceneHydroclimate;Hydro21k;hydroclimate2k;iso2k;LakeStatus21k;LegacyClimate-LiPD;NAm21k-noPollen;Nam2kDendro;Pages2kTemperature;PalMod;RapidArcticWarming;SISAL-LiPD;Temp24k;test,TRUE,pub2_doi,character,TRUE,18,1,CoralHydro2k;FreeSoda;GBRCD;HoloceneAbruptChange;HoloceneHydroclimate;Hydro21k;hydroclimate2k;iso2k;LakeStatus21k;LegacyClimate-LiPD;NAm21k-noPollen;Nam2kDendro;Pages2kTemperature;PalMod;RapidArcticWarming;SISAL-LiPD;Temp24k;test,243452,0.82,315,75363,1292,1292,0.0171,10.1002/2015PA002810 | 10.1016/j.epsl.2015.10.002 | 10.1029/2019PA003571 | 10.1029/2021PA004233
pub*_issue,pub1_issue,standard,,global (has conflicts -- see note),,,,used by 9/18 compilations; in convo,38 substantive cross-compilation conflicts,,8833,FreeSoda;HoloceneHydroclimate;Hydro21k;LakeStatus21k;NAm21k-noPollen;RapidArcticWarming;SISAL-LiPD;Temp24k;test,TRUE,pub1_issue,character,TRUE,9,0.5,FreeSoda;HoloceneHydroclimate;Hydro21k;LakeStatus21k;NAm21k-noPollen;RapidArcticWarming;SISAL-LiPD;Temp24k;test,8833,0.07,130,3362,38,38,0.0113,11 | 2 | 3-4 | 7
pub*_journal,pub1_journal,standard,,global (has conflicts -- see note),,,,used by 12/18 compilations; in convo,9 substantive cross-compilation conflicts,,171142,CoralHydro2k;FreeSoda;GBRCD;HoloceneHydroclimate;Hydro21k;LakeStatus21k;LegacyClimate-LiPD;NAm21k-noPollen;RapidArcticWarming;SISAL-LiPD;Temp24k;test,TRUE,pub1_journal,character,TRUE,12,0.67,CoralHydro2k;FreeSoda;GBRCD;HoloceneHydroclimate;Hydro21k;LakeStatus21k;LegacyClimate-LiPD;NAm21k-noPollen;RapidArcticWarming;SISAL-LiPD;Temp24k;test,171142,0.87,811,73762,9,9,1e-4,Nature Geoscience | Paleoceanography | Nature | Journal of Geophysical Research: Oceans
pub*_pages,pub1_pages,standard,,global (has conflicts -- see note),,,,used by 10/18 compilations; in convo,4 substantive cross-compilation conflicts,,20762,FreeSoda;HoloceneHydroclimate;Hydro21k;LakeStatus21k;LegacyClimate-LiPD;NAm21k-noPollen;RapidArcticWarming;SISAL-LiPD;Temp24k;test,TRUE,pub1_pages,character,TRUE,10,0.56,FreeSoda;HoloceneHydroclimate;Hydro21k;LakeStatus21k;LegacyClimate-LiPD;NAm21k-noPollen;RapidArcticWarming;SISAL-LiPD;Temp24k;test,20762,0.106,939,7612,6,4,8e-4,1525-1539 | 317-325 | 115-137 | 260-283
pub*_title,pub1_title,standard,,global (has conflicts -- see note),,,,used by 13/18 compilations; in convo,9 substantive cross-compilation conflicts,,186481,CoralHydro2k;FreeSoda;GBRCD;HoloceneHydroclimate;Hydro21k;LakeStatus21k;LegacyClimate-LiPD;NAm21k-noPollen;Nam2kDendro;RapidArcticWarming;SISAL-LiPD;Temp24k;test,TRUE,pub1_title,character,TRUE,13,0.72,CoralHydro2k;FreeSoda;GBRCD;HoloceneHydroclimate;Hydro21k;LakeStatus21k;LegacyClimate-LiPD;NAm21k-noPollen;Nam2kDendro;RapidArcticWarming;SISAL-LiPD;Temp24k;test,186481,0.863,2695,75360,128,9,0.0017,Recent intensification of tropical climate variability in the Indian Ocean | Optimized coral reconstructions of the Indian Ocean Dipole: An assessment of location and length considerations | Coupling of Indo-Pacific climate variability over the last millennium | Twentieth century warming of the tropical Atlantic captured by Sr-U paleothermometryn
pub*_volume,pub1_volume,standard,,global,,,,used by 8/18 compilations; in convo,,,9413,FreeSoda;HoloceneHydroclimate;Hydro21k;LakeStatus21k;NAm21k-noPollen;SISAL-LiPD;Temp24k;test,TRUE,pub1_volume,character,TRUE,8,0.44,FreeSoda;HoloceneHydroclimate;Hydro21k;LakeStatus21k;NAm21k-noPollen;SISAL-LiPD;Temp24k;test,9413,0.077,259,3619,0,0,0,30 | 77 | 135 | 399
pub*_year,pub1_year,standard,,global (has conflicts -- see note),,,,used by 13/18 compilations; in convo,9 substantive cross-compilation conflicts,,192845,CoralHydro2k;FreeSoda;GBRCD;HoloceneHydroclimate;Hydro21k;LakeStatus21k;LegacyClimate-LiPD;NAm21k-noPollen;Nam2kDendro;RapidArcticWarming;SISAL-LiPD;Temp24k;test,TRUE,pub1_year,numeric,TRUE,13,0.72,CoralHydro2k;FreeSoda;GBRCD;HoloceneHydroclimate;Hydro21k;LakeStatus21k;LegacyClimate-LiPD;NAm21k-noPollen;Nam2kDendro;RapidArcticWarming;SISAL-LiPD;Temp24k;test,192845,0.892,72,75083,9,9,1e-4,2008 | 2015 | 2020 | 2016
changelogNotes,changelogNotes,control,,,,,,"pipeline instruction column, not dataset metadata",,,0,CoralHydro2k;FreeSoda;GBRCD;HoloceneHydroclimate;Hydro21k;hydroclimate2k;iso2k;LakeStatus21k;LegacyClimate-LiPD;NAm21k-noPollen;Nam2kDendro;PalMod;RapidArcticWarming;SISAL-LiPD;Temp24k;test,FALSE,,,,16,0.89,CoralHydro2k;FreeSoda;GBRCD;HoloceneHydroclimate;Hydro21k;hydroclimate2k;iso2k;LakeStatus21k;LegacyClimate-LiPD;NAm21k-noPollen;Nam2kDendro;PalMod;RapidArcticWarming;SISAL-LiPD;Temp24k;test,0,0,0,,,,,
standardizationNotes,standardizationNotes,control,,,,,,"pipeline instruction column, not dataset metadata",,,0,HoloceneAbruptChange;HoloceneHydroclimate;Hydro21k;hydroclimate2k;RapidArcticWarming;test,FALSE,,,,6,0.33,HoloceneAbruptChange;HoloceneHydroclimate;Hydro21k;hydroclimate2k;RapidArcticWarming;test,0,0,0,,,,,
Additional_NOAA_studies,Additional_NOAA_studies,unused,,,,,,"present in 1 sheet(s), never populated; not in convo",,,0,iso2k,FALSE,,,,1,0.06,iso2k,0,0,0,,,,,
NOAA_URL,NOAA_URL,unused,,,,,,"present in 1 sheet(s), never populated; not in convo",,,0,iso2k,FALSE,,,,1,0.06,iso2k,0,0,0,,,,,
Temp or Hydro,Temp or Hydro,unused,,,,,,"present in 1 sheet(s), never populated; not in convo",,,0,RapidArcticWarming,FALSE,,,,1,0.06,RapidArcticWarming,0,0,0,,,,,
climateInterpretation*_interpretationApplies,climateInterpretation2_interpretationApplies,unused,,,,,,"present in 1 sheet(s), never populated; not in convo",,,0,hydroclimate2k,FALSE,,,,1,0.06,hydroclimate2k,0,0,0,,,,,
dataURL/DOI for chronology data only,dataURL/DOI for chronology data only,unused,,,,,,"present in 1 sheet(s), never populated; not in convo",,,0,iso2k,FALSE,,,,1,0.06,iso2k,0,0,0,,,,,
environmentInterpretation*_interpretationApplies,environmentInterpretation1_interpretationApplies,unused,,,,,,"present in 1 sheet(s), never populated; in convo",,,0,hydroclimate2k,TRUE,environmentInterpretation1_interpretationApplies,character,FALSE,1,0.06,hydroclimate2k,0,0,0,,,,,
environmentInterpretation*_interpretationApplies,environmentInterpretation2_interpretationApplies,unused,,,,,,"present in 1 sheet(s), never populated; in convo",,,0,hydroclimate2k,TRUE,environmentInterpretation2_interpretationApplies,character,FALSE,1,0.06,hydroclimate2k,0,0,0,,,,,
hasIGSN,hasIGSN,unused,,,,,,"present in 1 sheet(s), never populated; in convo",,,0,GBRCD,TRUE,hasIGSN,character,FALSE,1,0.06,GBRCD,0,0,0,,,,,
holoceneDuration,holoceneDuration,unused,,,,,,"present in 1 sheet(s), never populated; not in convo",,,0,HoloceneAbruptChange,FALSE,,,,1,0.06,HoloceneAbruptChange,0,0,0,,,,,
isotopeInterpretation*_coefficient,isotopeInterpretation2_coefficient,unused,,,,,,"present in 1 sheet(s), never populated; in convo",,,0,iso2k,TRUE,isotopeInterpretation2_coefficient,numeric,FALSE,1,0.06,iso2k,0,0,0,,,,,
isotopeInterpretation*_coefficient,isotopeInterpretation3_coefficient,unused,,,,,,"present in 1 sheet(s), never populated; in convo",,,0,iso2k,TRUE,isotopeInterpretation3_coefficient,numeric,FALSE,1,0.06,iso2k,0,0,0,,,,,
isotopeInterpretation*_fraction,isotopeInterpretation3_fraction,unused,,,,,,"present in 1 sheet(s), never populated; in convo",,,0,iso2k,TRUE,isotopeInterpretation3_fraction,numeric,FALSE,1,0.06,iso2k,0,0,0,,,,,
isotopeInterpretation*_interpretationApplies,isotopeInterpretation1_interpretationApplies,unused,,,,,,"present in 1 sheet(s), never populated; not in convo",,,0,hydroclimate2k,FALSE,,,,1,0.06,hydroclimate2k,0,0,0,,,,,
isotopeInterpretation*_interpretationApplies,isotopeInterpretation2_interpretationApplies,unused,,,,,,"present in 1 sheet(s), never populated; not in convo",,,0,hydroclimate2k,FALSE,,,,1,0.06,hydroclimate2k,0,0,0,,,,,
isotopeInterpretation*_interpretationApplies,isotopeInterpretation3_interpretationApplies,unused,,,,,,"present in 1 sheet(s), never populated; not in convo",,,0,hydroclimate2k,FALSE,,,,1,0.06,hydroclimate2k,0,0,0,,,,,
originalDataURL NOTES!,originalDataURL NOTES!,unused,,,,,,"present in 1 sheet(s), never populated; not in convo",,,0,iso2k,FALSE,,,,1,0.06,iso2k,0,0,0,,,,,
TSid,TSid,key,paleoData_TSid,,,,,identifier,,,297030,CoralHydro2k;FreeSoda;GBRCD;HoloceneAbruptChange;HoloceneHydroclimate;Hydro21k;hydroclimate2k;iso2k;LakeStatus21k;LegacyClimate-LiPD;NAm21k-noPollen;Nam2kDendro;Pages2kTemperature;PalMod;RapidArcticWarming;SISAL-LiPD;Temp24k;test,TRUE,paleoData_TSid,character,FALSE,0,0,,0,0,0,,,,,AB08MEN01_d18O | AB15BHB01_d18O | AB20MEN01_d18O | AB20MEN02_d18O
dataSetName,dataSetName,key,,,,,,identifier,109 substantive cross-compilation conflicts,,297030,CoralHydro2k;FreeSoda;GBRCD;HoloceneAbruptChange;HoloceneHydroclimate;Hydro21k;hydroclimate2k;iso2k;LakeStatus21k;LegacyClimate-LiPD;NAm21k-noPollen;Nam2kDendro;Pages2kTemperature;PalMod;RapidArcticWarming;SISAL-LiPD;Temp24k;test,TRUE,dataSetName,character,TRUE,18,1,CoralHydro2k;FreeSoda;GBRCD;HoloceneAbruptChange;HoloceneHydroclimate;Hydro21k;hydroclimate2k;iso2k;LakeStatus21k;LegacyClimate-LiPD;NAm21k-noPollen;Nam2kDendro;Pages2kTemperature;PalMod;RapidArcticWarming;SISAL-LiPD;Temp24k;test,297030,1,4735,84056,137,109,0.0016,AB08MEN01 | AB15BHB01 | AB20MEN01 | AB20MEN02
datasetId,datasetId,key,,,,,,identifier,15 substantive cross-compilation conflicts,,261356,GBRCD;HoloceneAbruptChange;HoloceneHydroclimate;Hydro21k;LegacyClimate-LiPD;Nam2kDendro;Pages2kTemperature;SISAL-LiPD,TRUE,datasetId,character,TRUE,8,0.44,GBRCD;HoloceneAbruptChange;HoloceneHydroclimate;Hydro21k;LegacyClimate-LiPD;Nam2kDendro;Pages2kTemperature;SISAL-LiPD,261356,1,4735,81070,15,15,2e-4,AL03DAV01_1 | AL03DAV01_2 | AL03PAN01_1 | AL03PAN01_2
paleoData_NAm21k-noPollenCertification,paleoData_NAm21k-noPollenCertification,compilation,,,,,,term name references a compilation; used by NAm21k-noPollen,,NAm21k-noPollen Certification,,,TRUE,,,,1,0.06,NAm21k-noPollen,0,0,0,,,,,
paleoData_NAm21k-noPollenQCnotes,paleoData_NAm21k-noPollenQCnotes,compilation,,,,,,term name references a compilation; used by NAm21k-noPollen,,NAm21k-noPollen QC notes,,,TRUE,,,,1,0.06,NAm21k-noPollen,0,0,0,,,,,
