file,TSid,variableName,form,value
1670.lpd,T2L_1670_d18o_pachyderma_SST_from_d18o_pachyderma,temperature,bare string,Tverse
AElbiFlue.EPD.lpd,RdTzqxQVgfs,temperature,bare string,Tverse
AElbiFlue.EPD.lpd,RMlWoW2LVnR,temperature,bare string,Tverse
AElbiFlue.EPD.lpd,R13poqA5uYT,temperature,bare string,Tverse
Aletschwald.EPD.lpd,RmJuqikEUVQ,temperature,bare string,Tverse
Aletschwald.EPD.lpd,RtIyYakGebv,temperature,bare string,Tverse
Aletschwald.EPD.lpd,R3vkj9nm4cN,temperature,bare string,Tverse
BeliyaKanton.EPD.lpd,RZYjOhQG29T,temperature,bare string,Tverse
BeliyaKanton.EPD.lpd,RyupXOaROtE,temperature,bare string,Tverse
BeliyaKanton.EPD.lpd,RRSa0LiwJZm,temperature,bare string,Tverse
BlackSea(Southwest1).EPD.lpd,RztxWNJI8Nf,temperature,bare string,Tverse
BlackSea(Southwest1).EPD.lpd,RQrs5Bcvt1T,temperature,bare string,Tverse
BlackSea(Southwest1).EPD.lpd,Rj4kXiUwMjO,temperature,bare string,Tverse
BlackSea(Southwest2).EPD.lpd,RhlRYvQBLWQ,temperature,bare string,Tverse
BlackSea(Southwest2).EPD.lpd,RbZ9wyKWByi,temperature,bare string,Tverse
BlackSea(Southwest2).EPD.lpd,RkMIcfVvIkj,temperature,bare string,Tverse
BOFS5K.lpd,R1Oids7UvUV,temperature,bare string,Tverse
BOFS5K.lpd,RDR0RRA3smX,temperature,bare string,Tverse
DeltadelRioBesos.EPD.lpd,RoeTCQH78k5,temperature,bare string,Tverse
DeltadelRioBesos.EPD.lpd,RhNgYiICliI,temperature,bare string,Tverse
DeltadelRioBesos.EPD.lpd,RhZtaE9y5I0,temperature,bare string,Tverse
DomeF.Kawamura.2007.lpd,GHb1defdc8,temperature,proper entry,Tverse
Fougeres.EPD.lpd,RlCeFfbwi5K,temperature,bare string,Tverse
Fougeres.EPD.lpd,R911b09Pi3c,temperature,bare string,Tverse
Fougeres.EPD.lpd,R3U06XeeZi0,temperature,bare string,Tverse
GeoB10029_4.lpd,T2L_GeoB10029_4_mgca_ruber_stricto_SST_from_mgca_ruber_stricto,temperature,bare string,Tverse
GeoB10029_4.lpd,T2L_GeoB10029_4_mgca_ruber_lato_SST_from_mgca_ruber_lato,temperature,bare string,Tverse
GeoB10029_4.lpd,T2L_GeoB10029_4_d18o_ruber_SST_from_d18o_ruber,temperature,bare string,Tverse
GeoB10069-3.Gibbons.2014.lpd,LPD78bb3782,temperature,bare string,Tverse
GeoB3202_1.lpd,T2L_GeoB3202_1_d18o_sacculifer_SST_from_d18o_sacculifer,temperature,bare string,Tverse
GeoB3202_1.lpd,T2L_GeoB3202_1_d18o_ruber_pink_SST_from_d18o_ruber_pink,temperature,bare string,Tverse
GeoB3911_3.lpd,T2L_GeoB3911_3_d18o_sacculifer_SST_from_d18o_sacculifer,temperature,bare string,Tverse
GeoB3911_3.lpd,T2L_GeoB3911_3_d18o_ruber_pink_SST_from_d18o_ruber_pink,temperature,bare string,Tverse
GeoB6211_2.lpd,RydRULpkhTx,temperature,bare string,Tverse
GeoB6211_2.lpd,R88xcOosPd2,temperature,bare string,Tverse
GeoB7139_2.lpd,T2L_GeoB7139_2_uk37_SST_from_uk37,temperature,bare string,Tverse
GeoB71392.Kaiser.2008.lpd,LPDae761fd0xxxx,temperature,bare string,Tverse
GeoB7165_1.lpd,T2L_GeoB7165_1_d18o_pachyderma_SST_from_d18o_pachyderma,temperature,bare string,Tverse
Gerzensee.Cladocera.Switzerland.lpd,Ru123glBOSW,temperature,bare string,Tverse
Gerzensee.Pollen.Switzerland.lpd,RfWsTYBdWqH,temperature,bare string,Tverse
GIK17961_2.lpd,T2L_GIK17961_2_d18o_ruber_SST_from_d18o_ruber,temperature,bare string,Tverse
GIK17964_2.lpd,T2L_GIK17964_2_d18o_ruber_SST_from_d18o_ruber,temperature,bare string,Tverse
Grindjisee.EPD.lpd,RhKl4Vgz2Xp,temperature,bare string,Tverse
Grindjisee.EPD.lpd,Rslox6C7D6D,temperature,bare string,Tverse
Grindjisee.EPD.lpd,RxJvgQhydP1,temperature,bare string,Tverse
GS07_150_10_3MC_B.lpd,T2L_GS07_150_10_3MC_B_d18o_ruber_SST_from_d18o_ruber,temperature,bare string,Tverse
HU87033_87017TWC.lpd,T2L_HU87033_87017TWC_d18o_pachyderma_SST_from_d18o_pachyderma,temperature,bare string,Tverse
HU87033_87018TWC.lpd,T2L_HU87033_87018TWC_d18o_pachyderma_SST_from_d18o_pachyderma,temperature,bare string,Tverse
Kamenicky.EPD.lpd,Rne2EJUfWbZ,temperature,bare string,Tverse
Kamenicky.EPD.lpd,RRSjZKAEXAL,temperature,bare string,Tverse
Kamenicky.EPD.lpd,RPiT6xzQIBK,temperature,bare string,Tverse
KH_79_3_L3.lpd,T2L_KH_79_3_L3_uk37_SST_from_uk37,temperature,bare string,Tverse
KH_79_3_L3.lpd,T2L_KH_79_3_L3_d18o_pachyderma_SST_from_d18o_pachyderma,temperature,bare string,Tverse
Kupena.EPD.lpd,Rb9BMzM6eEF,temperature,bare string,Tverse
Kupena.EPD.lpd,RxM5vPdoIFW,temperature,bare string,Tverse
Kupena.EPD.lpd,RY0UvBUTiq4,temperature,bare string,Tverse
LacBrule.Pollen.Canada.lpd,RAt0wcea1H7,temperature,bare string,Tverse
LacBrule.Pollen.Canada.lpd,RCCSxqKRMbv,temperature,bare string,Tverse
LacdeBretaye.EPD.lpd,R0EzAucR8Yx,temperature,bare string,Tverse
LacdeBretaye.EPD.lpd,RWwcsb7nuDx,temperature,bare string,Tverse
LacdeBretaye.EPD.lpd,RPdaJunCjl6,temperature,bare string,Tverse
LacNoir.Pollen.Canada.lpd,RW5NY4lp9VS,temperature,bare string,Tverse
LakeMina.Pollen.USA.lpd,R3YK7ZO5clD,temperature,bare string,Tverse
LakeMina.Pollen.USA.lpd,RAk2fpbI0za,temperature,bare string,Tverse
LakeMina.Pollen.USA.lpd,RiuqXXChSJC,temperature,bare string,Tverse
M77_2_005_3.lpd,T2L_M77_2_005_3_uk37_SST_from_uk37,temperature,bare string,Tverse
MaraisdeCharauze.EPD.lpd,RaTsmqJn6GV,temperature,bare string,Tverse
MaraisdeCharauze.EPD.lpd,RUGG5bttdBj,temperature,bare string,Tverse
MaraisdeCharauze.EPD.lpd,RhTWQkxsRNY,temperature,bare string,Tverse
MD03_2697.lpd,T2L_MD03_2697_d18o_bulloides_SST_from_d18o_bulloides,temperature,bare string,Tverse
MD84_551.lpd,T2L_MD84_551_d18o_pachyderma_SST_from_d18o_pachyderma,temperature,proper entry,Tverse
MD88_770.lpd,T2L_MD88_770_d18o_pachyderma_SST_from_d18o_pachyderma,temperature,bare string,Tverse
MonteSanGiorgio.EPD.lpd,Rparp0jbEXs,temperature,bare string,Tverse
MonteSanGiorgio.EPD.lpd,RBNdEaYLeoh,temperature,bare string,Tverse
MonteSanGiorgio.EPD.lpd,RvL7EFEeLa2,temperature,bare string,Tverse
MV1014_07MC.lpd,T2L_MV1014_07MC_tex86_SST_from_tex86,temperature,bare string,Tverse
MV1014_17JC.lpd,T2L_MV1014_17JC_tex86_SST_from_tex86,temperature,bare string,Tverse
MV1014_17JC.lpd,T2L_MV1014_17JC_mgca_ruber_SST_from_mgca_ruber,temperature,bare string,Tverse
MV99_GC41.lpd,T2L_MV99_GC41_mgca_bulloides_SST_from_mgca_bulloides,temperature,bare string,Tverse
NAP_63_1.lpd,T2L_NAP_63_1_uk37_SST_from_uk37,temperature,bare string,Tverse
NAP_63_1.lpd,T2L_NAP_63_1_tex86_SST_from_tex86,temperature,bare string,Tverse
Naroch.EPD.lpd,RPupPW84LAW,temperature,bare string,Tverse
Naroch.EPD.lpd,RYNgsUHubcx,temperature,bare string,Tverse
Naroch.EPD.lpd,R2YEd7jAM0l,temperature,bare string,Tverse
Nesmeyanov_GGC_15.lpd,T2L_Nesmeyanov_GGC_15_d18o_pachyderma_SST_from_d18o_pachyderma,temperature,bare string,Tverse
O2kLR-Tagusmudpatc.Abrantes.2005.lpd,LPD1028d531xxx,temperature,bare string,Tverse
PicodelSertal.EPD.lpd,RC8UhJSN4xp,temperature,bare string,Tverse
PicodelSertal.EPD.lpd,ReuuHoP1M2x,temperature,bare string,Tverse
PicodelSertal.EPD.lpd,RSch1vR2zFH,temperature,bare string,Tverse
RC08_102.lpd,T2L_RC08_102_d18o_ruber_SST_from_d18o_ruber,temperature,bare string,Tverse
RC08_102.lpd,T2L_RC08_102_d18o_sacculifer_SST_from_d18o_sacculifer,temperature,bare string,Tverse
RC11_238.lpd,T2L_RC11_238_uk37_SST_from_uk37,temperature,bare string,Tverse
RC11_238.lpd,T2L_RC11_238_d18o_ruber_SST_from_d18o_ruber,temperature,bare string,Tverse
RC11_238.lpd,T2L_RC11_238_d18o_sacculifer_SST_from_d18o_sacculifer,temperature,bare string,Tverse
RC24_11G.lpd,T2L_RC24_11G_d18o_ruber_SST_from_d18o_ruber,temperature,bare string,Tverse
RC27_14.lpd,T2L_RC27_14_d18o_bulloides_SST_from_d18o_bulloides,temperature,bare string,Tverse
Schoepfenwaldmoor.EPD.lpd,RLmz8TJDPA5,temperature,bare string,Tverse
Schoepfenwaldmoor.EPD.lpd,RjpliLMztwC,temperature,bare string,Tverse
Schoepfenwaldmoor.EPD.lpd,RB06CbW36T4,temperature,bare string,Tverse
SCS90_36.lpd,T2L_SCS90_36_uk37_SST_from_uk37,temperature,bare string,Tverse
SCS90_36.lpd,T2L_SCS90_36_d18o_sacculifer_SST_from_d18o_sacculifer,temperature,bare string,Tverse
SK157_4.lpd,T2L_SK157_4_mgca_ruber_SST_from_mgca_ruber,temperature,bare string,Tverse
SK168_GC_1.lpd,Rt2KTlfbHBu,Mg/Ca,bare string,Tverse
SK168_GC_1.lpd,RUECFJaPepM,temperature,bare string,Tverse
SK168_GC_1.lpd,RZB4v6iqA3N,d18O,bare string,Tverse
SK168_GC1.lpd,T2L_SK168_GC1_mgca_sacculifer_SST_from_mgca_sacculifer,temperature,bare string,Tverse
SK168_GC1.lpd,T2L_SK168_GC1_d18o_sacculifer_SST_from_d18o_sacculifer,temperature,bare string,Tverse
SK237-GC04.Saraswat.2013.lpd,MS13RSAS01b,temperature,bare string,Tverse
SK237-GC04.Saraswat.2013.lpd,O2kLR_118q,Mg/Ca,bare string,Tverse
SK237-GC04.Saraswat.2013.lpd,MS13RSAS01a,temperature,bare string,Tverse
SK237-GC04.Saraswat.2013.lpd,O2kLR_118_2,temperature,bare string,Tverse
SK237-GC04.Saraswat.2013.lpd,O2kLR_120_2,d18O,bare string,Tverse
Station_6_MC.lpd,T2L_Station_6_MC_uk37_SST_from_uk37,temperature,bare string,Tverse
TourbieredeSantaAnna.EPD.lpd,RqT400awLAh,temperature,bare string,Tverse
TourbieredeSantaAnna.EPD.lpd,Rvvz8itcA42,temperature,bare string,Tverse
TourbieredeSantaAnna.EPD.lpd,RrmKrnG5oF2,temperature,bare string,Tverse
Trogenmoos.EPD.lpd,RKQKWjMOAcW,temperature,bare string,Tverse
Trogenmoos.EPD.lpd,RljZTHj20qj,temperature,bare string,Tverse
Trogenmoos.EPD.lpd,R5Ek0KGz0Mt,temperature,bare string,Tverse
VelkyMaj.EPD.lpd,RLPfK8IMBHh,temperature,bare string,Tverse
VelkyMaj.EPD.lpd,RTpadwJXWuR,temperature,bare string,Tverse
VelkyMaj.EPD.lpd,RnYZK4rUvAJ,temperature,bare string,Tverse
VitoshaMountainsPeatBog.EPD.lpd,RgdeBeLMjxA,temperature,bare string,Tverse
VitoshaMountainsPeatBog.EPD.lpd,RTeYtbDGOGe,temperature,bare string,Tverse
VitoshaMountainsPeatBog.EPD.lpd,Rp3NSN3Cos5,temperature,bare string,Tverse
VM19_27.lpd,T2L_VM19_27_d18o_ruber_SST_from_d18o_ruber,temperature,bare string,Tverse
VM19_30.lpd,T2L_VM19_30_uk37_SST_from_uk37,temperature,bare string,Tverse
VM21_40.lpd,T2L_VM21_40_d18o_sacculifer_SST_from_d18o_sacculifer,temperature,bare string,Tverse
VM21_40.lpd,T2L_VM21_40_d18o_ruber_SST_from_d18o_ruber,temperature,bare string,Tverse
